caseid,ftobama,ftblack,ftwhite,fthisp,ftgay,fttrump,fthrc,ftcruz,ftsanders,ftpolice,ftfem,fttrans,ftmuslim,ftsci,reg,demcand,repcand,vote16dt,presjob,lazyb,lazyw,lazyh,lazym,violentb,violentw,violenth,violentm,econnow
1,100,100,100,100,96,1,76,0,84,51,62,97,20,100,1,1,6,1,1,5,5,5,5,5,5,5,5,2
2,39,6,74,6,75,28,52,10,13,65,53,49,22,91,2,1,1,9,3,1,3,3,2,2,3,3,1,4
3,1,50,50,50,16,100,1,95,2,85,2,1,5,61,1,5,9,9,7,3,3,5,5,3,4,4,1,5
4,89,61,64,61,62,0,69,0,71,56,60,73,61,96,1,1,11,9,2,4,4,5,5,4,4,4,4,2
5,1,61,58,71,55,13,1,99,13,89,31,62,22,40,1,5,4,9,7,3,3,3,3,2,3,3,1,4
6,0,50,51,51,46,61,1,61,11,55,0,41,11,71,1,2,7,9,7,4,5,5,5,4,5,5,1,4
7,73,100,70,100,100,5,60,0,100,34,100,100,100,100,1,3,7,9,2,5,4,5,5,5,3,5,5,2
8,0,70,70,69,49,85,0,66,40,85,45,49,40,76,1,2,9,2,7,3,3,3,3,5,5,4,4,3
9,12,50,50,50,5,70,3,97,31,80,21,5,12,50,1,5,4,9,7,5,5,5,5,2,4,3,2,4
10,87,75,90,51,85,5,87,3,97,60,61,61,72,91,1,3,6,1,2,3,3,5,5,3,3,3,3,2
11,32,53,52,54,52,74,6,87,51,97,34,52,43,98,1,5,4,2,7,5,5,5,5,5,5,5,5,4
12,10,80,80,80,70,95,10,76,10,90,50,51,50,90,1,4,9,9,7,5,5,5,5,4,4,4,3,3
13,70,88,90,90,86,39,49,11,90,91,80,86,81,91,1,3,11,9,2,2,2,2,2,4,4,4,4,2
14,80,67,74,57,27,82,3,99,41,99,22,42,53,1,1,4,4,9,7,4,4,4,5,5,5,5,2,5
15,4,99,99,87,98,91,1,79,1,99,54,86,2,70,1,5,2,2,7,5,5,5,1,5,5,5,1,4
16,0,74,63,65,49,51,0,41,10,66,49,49,61,76,3,4,7,9,7,4,4,4,4,3,4,4,3,4
17,66,63,58,54,64,51,79,68,77,48,69,69,61,43,1,1,4,2,1,5,5,5,5,5,5,5,5,2
18,100,80,81,80,90,59,79,0,100,89,88,90,60,100,1,3,6,1,2,3,3,3,3,3,3,3,3,3
19,0,100,95,100,50,86,0,100,0,100,0,50,15,100,1,5,4,9,7,5,5,5,5,5,5,5,3,4
20,96,92,94,92,84,1,87,2,81,63,94,76,60,94,1,1,11,9,2,4,4,4,4,4,4,4,4,2
21,99,95,81,100,100,2,94,3,61,74,89,94,100,96,1,1,1,9,1,5,4,5,5,5,5,5,5,1
22,12,71,71,45,2,13,2,69,90,41,51,2,1,81,1,3,2,9,6,5,5,5,2,5,4,5,1,5
23,75,61,51,51,70,1,65,1,85,41,60,51,50,91,1,3,6,1,3,5,5,5,5,4,4,4,4,2
24,91,84,87,91,82,8,68,8,89,52,98,99,79,82,1,3,11,1,1,5,5,5,5,5,5,5,5,3
25,66,39,58,53,48,2,53,4,69,54,49,50,46,86,1,3,6,1,2,3,5,5,5,3,5,4,3,3
26,39,79,80,86,61,33,50,48,38,85,55,54,63,73,1,1,8,9,5,4,4,4,4,4,4,4,4,4
27,1,50,50,51,51,72,0,15,0,88,29,52,51,87,1,5,8,9,7,4,4,5,4,3,3,3,3,4
28,70,56,88,90,51,1,41,1,100,57,94,51,77,84,1,3,11,9,3,5,5,5,5,5,5,5,5,3
29,80,64,75,45,50,1,70,1,99,46,80,50,64,69,1,3,11,9,2,5,5,5,5,4,5,5,4,2
30,100,58,56,55,50,16,85,16,83,89,71,52,53,82,1,1,11,1,1,5,5,5,5,5,5,5,5,2
31,100,54,51,51,51,18,92,8,89,27,51,49,50,91,1,1,11,9,1,5,1,5,5,5,1,5,5,1
32,63,88,62,77,70,1,21,5,98,31,93,70,72,91,1,3,11,9,3,4,4,4,5,4,2,4,4,4
33,3,51,99,20,50,51,1,60,1,100,3,50,6,20,2,5,11,9,7,3,3,3,3,3,4,3,2,4
34,1,50,53,52,32,31,0,87,4,84,3,4,6,50,1,5,5,9,7,8,8,8,8,8,8,8,1,3
35,69,60,63,71,68,2,77,6,62,70,69,50,58,81,1,1,6,1,2,5,5,5,5,5,5,5,5,2
36,82,70,85,66,57,1,93,0,96,78,82,53,59,94,1,3,11,1,2,5,5,5,5,5,5,5,5,2
37,76,81,69,67,81,2,100,1,1,62,51,86,80,82,1,1,11,1,2,5,5,5,5,5,5,5,5,2
38,80,80,81,74,80,20,52,5,71,31,70,80,11,91,2,3,7,4,2,5,5,5,5,5,5,5,3,2
39,10,60,60,60,50,88,7,41,20,90,50,51,31,69,1,4,6,9,7,5,5,5,5,5,5,5,5,3
40,0,71,67,66,1,70,9,63,6,88,14,38,1,31,1,2,2,9,7,3,2,4,3,3,3,3,1,5
41,79,67,81,85,5,69,94,20,56,97,52,3,13,80,1,1,9,1,2,3,4,4,4,4,4,4,2,3
42,81,100,100,100,100,0,94,0,84,100,100,100,100,100,1,1,11,9,2,5,5,5,5,5,5,5,5,2
43,5,60,55,55,40,65,10,75,10,80,32,40,20,65,1,5,4,9,7,4,3,4,3,2,2,2,3,4
44,95,62,99,31,1,1,99,40,90,100,96,0,100,95,1,1,4,9,1,2,2,2,2,2,2,2,2,1
45,80,95,99,99,80,5,100,1,100,70,100,62,80,90,1,1,6,9,2,5,5,5,5,5,5,5,5,3
46,0,19,10,71,3,13,0,18,1,50,7,39,0,49,1,3,11,2,7,4,4,4,4,4,4,4,4,5
47,13,9,100,7,7,7,98,44,50,46,98,5,9,98,1,1,1,9,7,2,4,1,1,1,3,1,1,4
48,41,62,66,59,88,6,3,44,47,60,64,50,56,60,1,3,7,9,5,4,5,4,4,3,4,4,4,3
49,100,97,94,100,97,1,83,3,100,52,99,94,99,98,1,3,11,9,1,5,4,5,5,4,3,5,4,2
50,0,59,75,54,50,46,1,85,10,70,6,50,0,10,1,4,4,9,7,3,5,4,3,2,5,2,1,4
51,62,52,72,39,83,12,98,30,16,53,82,78,31,63,1,1,11,9,4,4,4,4,4,2,4,4,2,3
52,95,69,51,50,51,4,75,1,95,48,93,52,51,100,1,3,6,1,1,5,5,5,5,4,3,4,4,3
53,15,41,50,50,40,60,10,16,21,71,22,30,40,70,1,4,3,2,7,5,5,5,5,5,5,5,5,4
54,80,91,91,91,97,0,99,0,64,51,65,94,88,94,1,1,11,1,3,5,5,5,5,5,5,5,5,3
55,2,50,59,50,6,92,3,50,42,65,47,3,29,50,1,5,9,2,7,1,4,4,4,1,3,3,1,4
56,72,84,84,76,81,1,31,1,86,57,46,75,75,95,1,3,11,9,3,4,4,4,5,3,3,4,4,2
57,0,41,84,40,61,100,1,91,4,36,54,71,1,31,1,2,9,9,7,3,5,4,2,2,5,3,1,4
58,97,86,87,88,94,3,99,7,91,94,41,88,69,98,1,1,10,1,2,3,3,3,3,3,3,3,3,2
59,10,49,100,71,52,3,2,39,28,96,18,52,22,92,1,3,7,9,6,3,4,5,4,3,4,4,3,3
60,57,50,54,58,42,0,1,1,54,85,4,6,50,90,1,2,6,9,5,5,5,5,5,5,5,5,5,3
61,0,100,100,100,100,0,0,100,0,100,0,100,100,0,1,4,10,2,7,5,5,5,5,5,5,5,5,5
62,84,71,98,91,71,0,16,53,50,85,98,36,66,97,1,2,2,9,2,3,3,3,3,4,5,5,4,2
63,95,81,71,88,89,0,78,2,100,52,84,75,90,100,1,3,6,1,1,5,5,5,5,5,5,5,5,1
64,15,50,50,50,50,45,10,85,20,60,20,45,35,70,1,5,8,9,6,5,5,5,5,5,5,5,4,4
65,100,100,5,100,100,0,100,0,100,0,100,100,100,100,1,3,10,9,1,5,1,5,5,5,1,5,5,1
66,73,66,65,63,66,0,61,9,70,59,67,66,65,78,1,2,6,9,2,5,5,5,5,5,5,5,5,3
67,24,50,37,85,57,6,54,7,81,5,57,51,29,100,1,3,8,1,6,2,3,4,4,2,3,4,1,4
68,100,75,80,75,100,0,95,0,100,75,95,100,75,100,1,3,11,9,2,5,5,5,5,5,5,5,5,2
69,1,51,51,45,3,49,1,69,3,59,2,3,8,20,1,5,2,2,7,2,3,3,2,2,4,2,2,4
70,0,100,100,100,100,95,0,46,0,50,100,100,0,100,1,5,9,2,7,5,5,5,5,3,3,3,2,5
71,32,51,50,50,51,71,2,50,41,60,31,50,50,90,1,5,9,9,6,5,5,5,5,5,5,5,5,4
72,100,93,84,97,100,6,93,6,97,14,95,92,94,100,1,1,11,1,1,5,5,5,5,5,5,5,5,2
73,74,22,99,48,21,6,78,0,100,1,16,20,3,85,1,3,7,9,3,4,5,5,1,2,3,3,1,4
74,4,50,72,27,5,95,4,46,28,99,55,3,4,80,1,5,9,2,7,2,4,3,3,2,3,3,1,4
75,53,46,47,47,56,1,61,13,57,97,32,63,51,51,1,1,6,1,2,3,4,4,4,4,4,4,4,1
76,3,50,91,88,0,99,1,18,0,66,0,1,49,93,1,5,9,2,7,2,3,3,5,3,3,3,3,3
77,99,75,80,85,85,1,95,17,86,80,86,80,60,90,1,1,11,1,1,5,5,5,5,5,5,5,5,2
78,0,50,50,50,50,80,0,91,10,90,10,50,50,70,1,5,4,9,7,5,5,5,5,4,5,5,3,4
79,1,62,62,71,41,97,0,96,0,95,0,1,0,41,1,5,4,9,7,2,4,5,1,4,4,3,2,5
80,5,99,99,99,51,60,7,99,51,99,29,51,51,99,1,3,9,9,7,4,4,4,4,4,4,4,4,4
81,3,70,72,72,100,100,1,61,30,88,51,100,71,998,1,3,9,9,7,5,5,5,5,4,5,5,4,5
82,44,56,51,51,8,10,56,52,49,35,54,59,52,33,2,5,11,1,3,2,3,5,5,3,4,5,3,4
83,100,90,90,90,51,2,100,3,100,86,93,50,50,91,1,1,11,9,1,5,5,5,5,3,3,3,3,2
84,66,88,50,88,88,11,47,5,50,75,87,64,3,76,1,1,11,9,3,5,5,5,5,4,4,4,4,3
85,55,60,75,71,74,69,59,40,92,32,81,50,52,90,1,3,7,9,3,3,3,5,4,4,4,5,4,4
86,1,50,50,70,21,31,2,80,29,70,10,12,50,71,1,5,4,9,7,3,4,4,4,3,4,4,2,4
87,70,50,50,61,80,0,12,0,100,56,96,50,90,96,1,3,11,9,2,4,1,5,5,4,4,4,4,3
88,62,50,50,50,50,54,50,50,50,47,50,50,50,50,1,5,9,2,4,3,3,4,4,3,3,3,3,2
89,6,75,81,0,0,88,0,61,62,9,40,3,18,83,1,4,9,9,6,3,3,1,1,4,4,2,1,4
90,1,50,49,22,49,89,0,50,1,70,1,51,1,99,1,5,9,9,7,2,2,2,2,1,2,1,1,5
91,80,95,90,95,95,6,60,21,90,46,95,95,95,95,1,3,6,1,2,4,4,4,4,3,3,4,4,3
92,95,100,100,100,100,0,90,1,90,13,95,100,50,100,1,3,11,9,1,5,5,5,5,5,5,5,5,1
93,34,100,100,50,100,95,0,79,10,99,45,50,47,50,1,5,9,9,7,5,5,5,5,4,5,5,2,4
94,85,90,90,70,70,0,75,10,95,70,50,75,65,75,1,3,11,9,2,5,5,5,5,5,5,5,5,3
95,95,94,96,95,89,2,60,1,96,51,92,89,94,92,1,3,11,1,2,5,4,5,5,5,5,5,5,1
96,96,91,54,93,99,6,77,31,91,56,99,94,99,93,1,1,5,9,2,5,3,5,5,5,3,5,4,2
97,5,99,99,75,41,79,5,90,4,99,31,31,41,51,1,5,4,2,7,4,5,5,5,5,5,5,4,4
98,6,80,80,75,20,75,5,70,41,72,31,10,50,91,1,4,9,9,7,3,3,3,3,3,3,3,3,4
99,100,72,71,71,70,0,100,2,98,89,86,88,79,96,1,1,11,1,2,5,5,5,5,5,5,5,5,2
100,0,0,100,0,0,70,0,13,10,100,0,0,0,51,1,5,9,9,7,1,5,1,5,2,5,2,1,5
101,99,92,55,71,94,2,87,1,99,31,95,72,78,98,1,3,11,1,2,4,4,4,4,4,4,4,4,1
102,0,51,50,50,51,88,0,61,0,70,40,50,40,50,1,4,9,2,7,4,4,4,4,3,3,3,3,3
103,100,100,100,100,100,1,100,2,100,50,100,50,51,100,1,1,11,9,1,5,5,5,5,5,5,5,5,2
104,100,34,100,54,32,0,100,0,0,100,73,3,50,62,1,1,11,9,1,1,1,1,1,4,1,4,1,1
105,40,50,50,50,50,1,20,40,42,50,35,50,50,75,1,3,7,9,5,4,4,4,4,4,4,4,4,2
106,95,100,82,100,100,0,76,998,100,33,100,100,80,100,1,3,11,9,1,5,5,5,5,5,2,5,5,3
107,13,50,50,50,50,11,10,59,3,35,30,50,50,50,1,2,7,3,7,5,5,5,5,5,5,5,5,3
108,90,89,71,85,96,1,100,1,80,79,90,78,69,99,1,1,11,9,2,4,4,4,4,3,3,4,3,1
109,65,50,50,50,50,10,100,1,70,50,50,50,40,50,1,1,8,9,3,4,5,5,4,4,5,5,4,2
110,5,100,100,100,85,75,3,75,31,90,59,51,31,89,1,4,4,9,7,5,5,5,5,4,5,5,3,4
111,0,73,73,86,70,98,3,53,16,99,58,49,0,48,1,5,9,9,7,5,5,5,5,5,5,5,3,4
112,90,95,95,95,95,6,95,5,71,95,95,95,70,95,1,1,11,9,2,4,4,4,4,4,4,4,4,2
113,6,2,90,17,16,95,1,91,3,97,31,15,2,31,1,5,9,2,7,1,4,4,3,1,4,2,1,4
114,6,75,95,76,16,97,4,94,5,96,9,7,3,85,1,2,9,9,7,2,5,4,1,4,5,4,1,5
115,87,61,64,62,72,2,71,31,71,42,100,53,58,93,1,1,8,9,2,4,4,5,4,3,3,3,3,2
116,1,52,52,51,50,85,51,50,50,49,50,49,50,42,3,5,9,9,4,8,8,8,8,8,8,8,8,5
117,66,60,35,55,70,5,50,1,55,40,50,50,50,90,1,2,11,9,2,4,4,4,4,4,4,4,4,2
118,70,71,45,58,90,0,0,0,90,31,91,91,69,91,1,3,10,3,2,3,1,2,5,3,1,4,3,4
119,60,26,74,32,53,13,55,54,63,39,41,50,18,85,1,2,3,1,3,1,3,1,3,2,3,3,3,3
120,88,80,85,70,83,6,61,31,90,63,82,93,72,90,1,3,10,9,2,3,3,3,3,2,2,2,2,2
121,16,41,55,40,40,56,4,29,21,65,9,39,40,58,1,4,9,9,6,3,3,3,3,3,3,3,3,3
122,2,100,51,3,17,64,3,20,52,99,21,19,31,40,1,5,2,9,7,4,4,2,3,4,4,2,3,4
123,1,72,70,91,6,91,3,89,3,100,7,3,1,41,1,2,4,9,7,4,4,4,4,3,3,4,2,3
124,1,100,100,100,60,75,35,50,35,85,50,50,50,60,1,5,1,2,7,3,3,3,3,3,3,3,3,3
125,70,50,52,50,50,1,29,50,61,71,50,51,51,91,2,5,11,9,2,4,4,5,4,3,4,4,3,3
126,94,78,87,87,87,1,80,2,99,81,88,80,78,94,1,3,11,1,2,4,4,4,4,3,3,5,3,1
127,39,73,75,96,59,75,100,66,79,100,51,41,50,88,1,1,2,9,5,3,4,5,4,4,4,4,4,2
128,1,50,51,50,0,70,0,65,91,100,2,0,0,12,1,2,9,2,7,3,3,3,3,2,3,2,1,5
129,44,78,85,82,78,87,59,65,74,87,61,77,49,91,1,3,9,9,6,4,5,4,4,4,4,4,4,3
130,96,71,72,67,72,0,84,7,45,20,75,71,72,79,1,1,6,1,1,5,5,5,5,5,4,5,5,3
131,86,80,45,50,100,0,46,0,100,10,98,60,50,95,1,3,11,9,2,5,2,4,5,4,1,4,3,3
132,71,61,59,80,89,80,70,50,31,90,12,50,51,90,1,1,2,2,2,5,5,5,5,5,5,5,5,3
133,0,50,55,51,80,100,0,52,59,73,50,53,52,51,1,3,9,9,7,2,4,4,4,1,2,2,1,4
134,12,50,50,49,44,88,31,49,53,91,39,39,34,31,1,5,9,2,6,4,4,4,4,4,4,5,2,4
135,95,89,81,79,91,11,91,31,71,50,81,94,72,79,1,1,11,9,2,5,5,5,5,5,5,5,5,2
136,11,62,99,94,70,61,60,61,60,100,60,61,10,88,1,1,9,2,7,1,3,4,3,3,3,3,2,3
137,20,50,61,50,50,90,10,9,10,69,50,11,50,81,1,5,9,9,5,4,5,5,5,3,4,4,3,4
138,31,90,96,88,50,10,4,59,49,97,43,41,8,95,1,5,1,3,4,3,3,3,3,3,3,3,3,3
139,50,48,45,71,66,0,1,59,67,27,59,54,2,72,1,3,4,3,6,1,2,2,4,1,3,2,1,2
140,1,61,62,58,9,19,3,20,11,81,41,5,35,89,1,3,8,2,7,4,4,4,4,2,4,2,3,5
141,16,50,63,70,45,62,4,79,41,59,49,41,45,49,1,3,4,9,4,2,3,5,4,3,4,3,4,2
142,2,90,86,83,91,61,59,61,64,92,63,79,79,63,1,5,8,9,7,5,5,5,5,4,4,4,4,4
143,100,80,100,70,100,0,100,49,70,100,100,100,79,100,1,1,3,1,1,4,4,4,4,3,5,5,2,1
144,89,57,60,100,100,2,97,2,75,30,81,90,95,51,1,1,8,1,2,3,4,5,5,1,2,4,2,1
145,75,75,75,100,79,20,86,50,67,69,97,50,51,91,1,1,1,9,2,5,5,5,5,5,5,5,5,2
146,7,76,100,76,2,79,4,68,17,99,16,2,2,99,2,5,10,9,6,4,4,4,4,4,4,4,3,3
147,89,95,45,85,79,10,71,46,66,66,56,69,71,85,1,1,8,9,2,5,4,5,5,5,4,5,5,2
148,2,50,45,65,6,48,6,58,51,96,50,3,18,22,1,5,8,9,7,4,4,4,4,5,5,5,3,5
149,3,15,74,9,0,90,0,58,2,72,5,1,10,67,1,2,2,9,7,1,3,2,2,1,3,1,1,3
150,95,60,75,80,50,41,65,1,100,75,60,50,56,75,1,3,11,9,1,1,2,5,5,2,4,4,3,2
151,9,12,50,50,100,84,4,62,70,63,5,100,50,52,1,3,9,9,7,5,5,5,5,4,5,5,5,2
152,0,23,78,0,100,94,40,30,71,90,69,100,0,50,1,3,9,9,7,2,3,1,1,1,3,1,1,3
153,0,1,100,2,70,95,1,100,0,59,50,75,1,66,1,5,4,9,7,1,5,4,4,1,5,3,2,2
154,31,88,92,90,87,20,12,3,29,92,45,9,21,98,1,5,8,9,5,3,4,4,1,3,4,5,2,3
155,1,45,96,21,31,96,0,36,30,84,26,50,33,88,1,2,9,2,7,2,4,4,1,1,4,2,2,4
156,75,66,68,48,61,65,70,51,51,10,42,63,37,81,2,1,11,9,2,3,4,4,4,3,3,3,3,3
157,100,95,85,75,30,1,100,1,95,90,80,2,90,100,1,1,11,1,1,5,5,5,5,3,3,3,4,2
158,0,100,100,100,100,71,0,60,50,67,100,50,66,10,1,3,8,9,7,5,5,5,5,5,5,5,5,3
159,0,92,95,97,1,12,0,1,1,100,50,1,0,5,1,5,11,4,7,5,5,5,5,3,3,4,2,5
160,90,99,100,100,100,1,66,0,100,75,100,100,100,100,1,3,11,9,2,5,5,5,5,4,4,4,4,1
161,1,70,95,60,40,70,1,95,1,100,59,40,15,80,1,5,10,9,7,3,3,4,5,1,2,3,2,4
162,0,100,100,100,59,20,0,100,31,100,59,10,22,75,1,3,4,9,7,3,3,3,3,2,2,2,1,5
163,95,100,100,100,100,60,100,1,90,90,100,100,80,100,1,1,3,1,2,4,4,5,5,4,5,5,5,3
164,90,86,86,71,20,61,85,12,67,100,42,7,10,94,1,1,4,9,2,3,3,4,3,2,3,3,2,2
165,47,48,35,92,1,0,33,41,50,36,1,1,14,48,1,5,11,1,3,3,3,5,5,2,3,5,1,2
166,2,72,92,74,70,41,1,76,41,99,31,51,21,90,1,2,2,3,7,4,4,4,5,3,4,4,1,5
167,0,93,85,94,29,32,0,46,1,97,19,31,13,86,1,4,2,2,7,5,4,5,5,4,4,5,3,4
168,16,60,73,68,51,41,24,20,27,78,50,39,50,70,2,5,11,9,6,5,5,5,5,3,4,4,3,4
169,5,50,50,50,0,0,0,35,55,60,1,15,30,50,1,4,11,3,6,4,5,5,5,4,4,4,2,4
170,78,50,51,49,48,33,41,50,60,40,49,50,48,66,1,3,1,3,2,5,5,5,5,5,5,5,5,3
171,0,9,100,53,0,92,0,96,0,95,10,0,0,46,1,4,4,9,7,1,5,5,1,2,3,2,1,5
172,1,55,51,39,54,90,6,40,5,51,20,7,11,51,1,4,9,9,7,1,2,2,2,1,1,1,1,4
173,91,87,88,85,88,0,75,11,86,91,98,83,73,97,1,1,6,9,2,5,5,5,5,5,5,5,5,2
174,6,100,100,66,0,100,0,100,0,100,50,0,0,100,1,5,9,9,7,1,5,5,1,1,5,5,1,5
175,97,100,55,100,100,0,61,0,100,70,100,100,100,100,1,3,11,1,1,5,5,5,5,5,5,5,5,2
176,3,19,61,30,5,69,1,20,9,49,5,3,6,47,1,5,9,2,7,3,4,3,4,2,4,3,2,3
177,0,51,98,51,50,60,0,41,12,91,51,32,6,70,1,5,3,2,7,3,4,3,5,2,4,3,1,4
178,2,58,68,55,56,84,1,54,65,87,45,22,5,49,1,3,1,9,7,4,4,5,5,2,4,3,1,4
179,25,76,76,74,78,97,12,70,72,96,26,43,65,97,1,3,9,9,6,4,4,4,4,3,4,4,3,3
180,88,80,99,97,100,70,100,50,95,98,61,97,80,97,2,1,9,1,1,3,4,5,5,2,4,3,3,2
181,10,51,79,50,2,66,1,70,10,91,41,1,1,20,1,5,4,9,7,1,3,3,3,1,4,1,1,5
182,23,83,67,38,13,93,13,29,28,45,45,7,8,73,1,2,9,2,7,2,2,2,4,3,3,3,1,4
183,0,10,95,10,0,90,0,60,0,75,2,0,10,15,1,2,3,9,7,1,4,4,4,1,4,4,4,4
184,72,87,54,53,1,0,73,3,86,76,21,4,86,61,1,3,11,9,3,4,5,5,5,3,3,5,4,3
185,39,51,50,51,58,21,9,57,30,35,32,41,18,79,1,3,8,9,6,3,3,5,4,3,4,3,2,3
186,100,75,50,80,75,0,75,0,0,30,95,20,50,99,1,3,10,1,1,4,4,5,5,3,3,4,3,4
187,88,97,70,94,98,1,42,28,99,59,89,79,80,94,1,3,11,9,2,5,5,5,5,4,4,4,4,2
188,3,85,100,91,20,95,6,81,31,99,6,7,41,90,1,5,9,9,7,2,5,5,4,1,4,3,1,3
189,0,50,50,70,50,80,0,99,2,90,21,50,31,41,1,5,4,2,7,4,4,5,4,5,5,5,5,5
190,0,50,0,49,0,2,0,0,2,18,50,0,3,71,1,5,11,4,7,3,2,3,3,5,5,5,4,5
191,79,88,64,91,95,1,88,0,88,55,100,93,95,100,1,3,10,9,1,5,5,5,5,5,3,5,4,2
192,75,100,100,100,100,5,70,5,90,60,90,100,90,90,1,3,11,9,2,5,5,5,5,5,5,5,5,2
193,2,70,72,72,50,68,12,70,5,84,16,50,70,73,1,5,3,2,7,5,5,5,5,5,5,5,5,4
194,11,43,53,43,54,52,24,41,15,43,47,13,43,60,1,1,7,9,7,5,5,5,5,5,5,5,5,2
195,4,50,50,50,50,34,3,98,20,93,50,50,50,51,1,5,4,4,7,5,5,5,5,5,5,5,5,5
196,0,82,91,88,52,71,0,96,0,100,0,20,0,92,1,5,4,2,7,3,2,2,1,4,2,2,1,3
197,1,2,70,2,1,91,0,93,1,91,0,1,0,21,1,5,9,2,7,1,3,1,3,2,4,3,2,5
198,21,52,91,88,61,89,1,88,53,89,14,54,0,88,1,5,9,2,7,4,5,5,3,3,5,5,3,3
199,71,50,50,50,50,0,35,0,100,40,60,50,50,95,1,3,11,1,2,5,5,5,5,5,5,5,5,2
200,26,59,98,51,51,97,9,56,2,99,7,60,5,9,1,5,9,2,7,1,5,5,1,2,4,3,1,5
201,3,87,99,57,50,95,15,66,22,99,56,56,63,87,1,5,9,9,7,5,5,5,5,5,5,5,3,4
202,100,97,86,87,87,94,97,75,84,97,77,94,51,97,1,1,9,1,1,3,3,3,3,3,3,3,3,1
203,87,91,80,99,97,10,95,20,99,37,88,94,81,88,1,3,2,9,2,5,5,5,5,5,5,5,5,3
204,88,61,40,45,30,52,61,45,65,41,50,21,11,81,1,1,9,9,2,2,5,2,5,2,3,2,1,2
205,5,50,55,52,4,58,4,62,4,69,7,3,10,51,1,5,2,9,7,4,4,4,4,4,5,4,3,4
206,3,49,56,51,52,80,8,51,41,61,45,42,23,52,1,5,9,2,7,3,3,3,3,3,4,4,3,4
207,59,71,71,72,60,1,85,50,70,40,69,49,65,70,1,1,11,9,2,5,5,5,5,5,5,5,4,2
208,3,0,99,19,2,97,0,50,2,100,1,0,3,100,1,5,9,2,7,5,1,5,5,1,5,5,1,5
209,75,83,87,77,61,5,54,21,77,93,70,53,75,89,1,3,11,9,2,4,4,5,5,3,3,4,4,2
210,1,27,70,44,8,89,4,29,4,69,14,0,1,57,1,5,9,9,7,2,4,3,4,2,4,3,2,3
211,13,62,98,59,3,98,4,60,3,52,20,1,1,72,1,2,9,9,7,3,3,5,2,2,3,4,1,4
212,0,55,42,61,5,100,0,11,41,50,17,28,0,85,1,3,9,9,7,2,4,5,4,3,4,4,1,3
213,78,79,73,80,74,2,63,51,76,45,72,80,75,82,3,3,11,9,3,5,5,5,5,5,5,5,5,2
214,46,58,75,71,81,60,65,50,40,90,56,65,31,66,1,1,11,9,3,2,3,3,3,2,4,4,2,3
215,0,85,85,85,85,86,0,85,45,86,41,85,50,80,1,2,9,2,7,5,5,5,5,5,5,5,5,5
216,72,96,91,93,94,0,89,1,90,42,60,86,51,89,1,3,11,9,5,5,5,5,5,5,5,5,5,2
217,34,70,52,80,78,22,8,83,33,71,60,74,50,70,1,2,1,9,6,3,4,5,4,3,5,4,2,4
218,44,75,78,69,69,41,16,45,59,74,41,70,61,56,1,5,1,9,6,5,4,5,5,5,5,5,5,3
219,5,89,87,84,91,91,4,59,51,99,93,78,40,97,1,2,9,9,7,3,3,3,3,4,4,4,3,5
220,4,50,50,39,50,44,11,97,1,51,30,37,50,50,1,5,4,9,7,1,3,3,5,2,3,3,4,3
221,0,100,100,100,100,91,0,71,16,71,70,70,45,100,1,5,8,9,7,5,5,5,5,4,5,5,4,5
222,95,100,100,100,100,0,50,0,96,95,97,100,96,100,1,3,11,1,2,5,5,5,5,4,4,4,4,2
223,17,70,70,70,31,60,30,71,70,91,30,41,40,60,1,3,2,9,6,4,4,4,4,3,4,4,4,3
224,100,63,62,67,50,1,47,25,16,58,53,48,60,43,1,1,11,9,1,5,5,5,5,5,5,5,5,3
225,60,99,100,98,99,4,100,3,30,50,50,52,49,100,1,1,11,1,3,5,5,5,5,5,5,5,5,3
226,3,41,53,46,53,69,1,92,14,53,51,51,50,53,1,5,4,9,7,4,4,4,4,4,4,4,4,3
227,26,50,51,50,41,61,0,56,31,90,15,50,30,75,1,3,8,2,7,4,5,5,3,4,5,5,2,3
228,24,66,99,63,0,72,1,43,47,83,31,2,27,99,1,5,9,9,6,3,4,4,4,3,4,4,3,4
229,96,72,84,68,76,0,75,19,92,65,74,70,63,84,1,3,11,1,1,4,3,5,5,3,3,4,4,2
230,1,50,50,50,50,95,1,85,20,95,40,50,50,50,1,2,9,2,7,4,5,5,5,3,5,5,4,4
231,95,75,88,70,100,2,80,6,97,100,50,99,1,88,1,3,10,9,1,3,4,4,5,2,3,2,1,2
232,7,50,83,60,50,56,2,57,24,75,6,0,2,52,1,2,9,9,7,1,3,4,3,1,4,3,1,5
233,65,53,53,52,50,45,49,9,61,89,53,50,55,53,1,3,3,9,4,3,3,3,3,3,3,3,3,3
234,0,51,51,51,1,40,0,100,20,70,2,1,1,49,1,5,4,9,7,1,3,5,2,2,2,3,1,5
235,0,46,60,50,50,36,0,46,45,90,45,50,0,85,1,2,5,9,7,4,4,4,1,3,3,3,1,3
236,95,69,11,47,58,1,33,1,86,11,73,55,43,72,1,3,11,9,2,5,5,5,5,5,5,5,5,3
237,84,87,73,85,65,1,98,0,44,41,69,58,72,89,1,1,11,1,2,5,4,5,5,5,5,5,5,1
238,1,51,60,70,0,41,0,70,1,55,1,0,31,50,1,3,4,9,7,3,4,3,3,2,3,3,2,3
239,64,38,17,34,13,98,79,25,68,32,11,12,14,75,1,5,9,2,4,3,3,3,2,3,3,3,3,3
240,6,30,100,50,40,89,1,3,60,5,2,42,5,9,1,3,9,2,7,5,5,5,5,2,3,3,1,5
241,98,58,31,52,21,0,89,1,53,1,4,16,51,69,1,1,11,9,2,2,5,2,4,2,3,2,2,1
242,70,100,100,100,100,0,0,91,78,93,100,100,95,62,1,3,4,1,3,5,5,5,5,5,5,5,5,3
243,82,100,100,100,100,34,49,4,53,100,100,100,100,100,1,2,7,9,2,5,5,5,5,5,5,5,5,2
244,31,50,50,50,89,40,40,30,41,61,40,50,45,90,1,2,8,9,6,4,4,5,5,4,5,5,5,4
245,14,14,50,30,9,41,3,34,22,50,25,6,8,34,1,5,8,9,6,3,3,3,4,2,3,3,2,3
246,99,64,48,49,98,4,96,11,99,99,100,52,52,49,1,3,6,1,2,5,5,5,5,3,3,3,3,2
247,100,81,78,100,99,1,98,4,83,99,99,83,70,99,1,1,8,9,1,5,5,5,5,5,4,5,4,1
248,60,80,80,80,80,30,55,50,50,60,80,80,75,85,1,1,7,9,4,5,5,5,5,3,4,3,4,2
249,70,44,94,50,100,11,89,31,67,50,50,94,41,86,1,1,11,9,3,1,4,4,5,2,4,5,5,3
250,62,50,61,50,50,4,80,41,56,83,24,52,51,61,1,1,5,9,3,5,5,5,5,5,5,5,5,3
251,0,50,80,52,3,78,0,91,0,98,20,0,0,85,1,5,4,2,7,2,4,5,2,2,4,4,1,5
252,98,60,88,49,51,2,86,50,31,69,50,50,50,90,1,1,1,1,2,4,4,4,4,3,3,3,3,3
253,1,82,100,75,3,72,4,28,12,89,3,2,1,53,1,3,8,9,7,4,4,5,4,4,5,5,3,3
254,2,49,52,21,28,89,0,65,15,80,34,47,20,60,1,5,9,9,7,4,4,3,4,4,3,3,4,4
255,96,50,50,50,95,0,94,0,71,94,81,80,50,94,1,1,11,9,2,5,5,5,5,5,5,5,5,2
256,95,59,97,6,9,11,91,12,75,44,42,17,2,82,1,1,11,1,3,2,4,1,4,5,2,5,5,2
257,0,100,100,100,0,15,0,100,0,100,0,0,0,50,1,5,4,3,7,1,4,4,4,2,4,3,2,5
258,30,24,25,22,8,22,2,50,28,76,13,2,7,62,1,3,1,9,6,5,5,5,5,4,4,4,1,2
259,73,78,79,75,97,28,59,18,82,63,80,84,75,97,1,3,11,1,2,4,4,5,5,3,3,4,5,3
260,86,70,42,61,92,1,95,1,41,94,81,52,62,89,1,1,11,1,2,2,4,2,3,2,2,3,2,2
261,16,50,50,50,51,30,12,60,16,76,39,50,41,51,1,4,8,3,7,5,5,5,5,5,5,5,5,4
262,99,79,69,100,51,5,98,2,69,79,81,69,59,89,1,1,8,9,1,5,5,5,5,4,2,4,1,4
263,5,50,51,49,50,51,3,51,21,98,41,30,11,32,1,4,2,2,7,3,4,5,3,2,2,2,1,5
264,10,31,59,40,20,36,5,85,17,70,61,31,6,26,1,2,8,2,7,5,5,5,4,4,4,4,3,4
265,1,51,70,2,80,100,1,11,2,65,3,61,1,3,1,3,9,2,7,4,3,1,4,3,4,3,1,4
266,73,92,70,91,89,20,73,20,41,81,72,90,91,93,1,1,1,9,3,5,5,5,5,5,5,5,5,2
267,98,80,90,90,90,50,90,70,80,90,90,90,90,93,1,1,10,9,1,4,5,4,5,3,3,4,3,1
268,91,88,90,91,79,15,62,41,94,38,66,61,40,94,1,3,11,1,1,4,4,5,4,3,3,3,2,3
269,61,85,85,85,85,18,36,47,91,75,70,78,81,95,1,3,6,3,3,4,4,4,4,4,4,4,4,2
270,81,93,62,98,96,36,80,17,99,27,95,97,81,87,1,3,7,1,2,5,5,5,5,5,5,5,5,2
271,98,99,98,97,98,1,67,6,99,50,100,98,98,95,1,3,8,9,1,4,3,5,5,4,2,5,4,2
272,9,19,98,51,89,57,5,94,28,85,36,52,9,94,1,5,4,9,7,1,4,5,4,1,4,4,1,3
273,0,50,50,50,50,30,0,95,30,50,0,50,50,100,1,5,7,9,7,5,5,5,5,3,4,4,1,3
274,1,50,50,50,50,53,1,60,1,96,50,50,50,80,1,5,3,9,6,5,5,5,5,5,5,5,5,3
275,100,100,99,100,100,2,100,11,99,78,91,98,60,100,1,1,6,9,1,5,5,5,5,2,2,2,2,1
276,4,15,100,20,1,100,1,7,2,90,8,2,1,12,1,4,9,9,7,1,5,3,2,1,5,4,1,4
277,89,69,71,70,90,1,31,4,100,70,91,85,79,93,1,3,11,9,1,4,4,4,4,4,3,4,4,2
278,93,56,73,64,77,1,71,0,84,69,76,73,48,96,1,3,8,9,1,4,4,5,5,4,4,4,4,2
279,0,55,55,22,31,99,1,81,2,70,6,21,1,15,1,5,9,2,7,2,4,2,5,1,4,1,1,5
280,5,63,83,36,15,72,6,5,6,50,22,15,5,56,1,5,1,9,7,4,4,4,4,3,4,4,3,4
281,0,89,89,75,91,100,0,50,51,77,70,78,40,89,2,5,9,9,7,4,4,5,5,3,3,2,1,3
282,43,72,71,63,80,94,51,49,16,63,53,72,22,86,1,5,9,9,6,5,5,5,5,4,4,4,3,2
283,97,95,75,98,100,1,88,1,86,13,99,53,92,99,1,1,11,1,1,3,3,5,5,3,3,5,5,1
284,90,100,50,62,28,19,91,4,74,59,16,48,30,93,1,1,2,1,2,3,2,3,4,3,1,3,2,2
285,6,50,50,50,50,100,6,31,69,29,31,11,5,50,1,3,9,2,7,3,3,3,2,1,3,3,1,5
286,14,71,75,47,65,8,18,62,18,75,13,32,0,31,1,5,8,9,6,5,5,5,5,4,4,4,1,3
287,44,100,100,100,60,24,100,65,76,72,51,65,100,66,1,1,1,1,3,5,5,5,5,5,5,5,5,2
288,56,75,80,70,41,31,30,11,74,80,61,60,71,54,1,2,3,9,4,4,4,5,5,3,4,5,4,4
289,26,46,47,11,73,48,3,6,49,78,54,16,3,9,1,3,9,2,6,2,4,4,4,2,5,5,2,4
290,10,47,70,50,50,86,41,20,40,95,21,50,50,80,1,5,9,9,7,4,4,3,5,2,3,1,2,4
291,51,55,53,55,53,55,65,53,57,58,54,56,59,52,2,1,11,9,2,3,3,3,3,3,3,3,3,3
292,25,87,99,100,85,98,52,86,36,100,80,80,82,96,1,5,9,9,7,4,4,2,4,2,5,4,4,3
293,88,76,52,81,87,0,70,2,75,67,71,71,61,68,1,3,3,1,2,4,3,3,4,2,2,2,2,3
294,68,91,90,80,71,54,69,61,59,81,59,49,50,75,1,5,11,9,4,5,5,5,5,5,5,5,5,4
295,0,41,85,61,52,99,0,94,32,70,9,51,3,89,1,5,9,9,7,2,4,5,1,2,4,3,1,4
296,4,93,85,87,1,87,2,91,20,81,53,0,46,54,1,5,4,9,7,5,5,5,5,5,5,5,4,3
297,88,86,87,82,85,5,98,2,97,93,73,83,84,96,1,1,10,9,2,4,4,4,4,4,4,4,4,3
298,0,50,50,51,50,76,0,50,2,100,50,0,49,50,1,5,9,9,7,5,5,5,5,5,5,5,5,3
299,81,71,70,71,70,0,52,0,84,6,92,70,69,100,1,3,11,9,2,4,4,4,4,4,3,4,4,2
300,0,50,64,89,87,100,0,100,1,92,1,92,31,52,1,5,8,9,7,1,4,5,4,1,3,3,4,4
301,70,67,77,99,89,7,85,11,96,100,70,84,71,99,1,3,7,9,2,2,2,4,1,3,3,3,1,1
302,53,50,54,50,51,54,52,54,50,51,47,50,51,56,1,1,11,9,4,2,2,3,2,2,2,2,2,3
303,1,48,69,62,47,73,1,99,38,87,50,16,3,70,1,5,8,2,7,3,4,4,3,1,3,1,1,4
304,0,39,57,37,7,90,2,47,4,41,14,0,48,51,1,5,9,2,7,4,5,5,5,4,4,4,4,3
305,68,100,100,100,81,6,20,19,6,16,19,74,5,84,1,5,11,1,4,5,5,5,3,1,5,5,1,3
306,99,98,99,94,98,0,97,2,97,43,99,97,80,97,1,1,11,9,2,5,5,5,5,5,5,5,5,3
307,0,81,49,81,0,100,0,100,0,94,0,1,0,22,1,5,9,9,7,2,4,4,3,2,4,4,1,4
308,84,79,98,92,81,4,71,76,94,99,71,78,91,95,1,3,4,1,2,5,5,5,5,5,5,5,5,5
309,0,50,50,51,50,17,0,52,0,13,19,50,30,50,1,5,7,2,7,2,3,4,3,2,3,3,2,3
310,34,77,75,78,83,61,11,49,63,37,50,50,72,25,1,3,7,9,5,5,5,5,5,5,5,5,5,3
311,2,50,50,50,100,2,1,31,22,94,50,100,50,51,1,3,10,9,7,5,5,5,5,5,5,5,5,3
312,1,60,90,69,0,91,0,96,1,96,0,0,0,70,1,5,9,9,7,2,4,4,4,2,4,4,3,5
313,79,66,87,50,49,1,71,34,17,9,100,50,34,63,1,2,11,9,2,3,3,3,3,1,2,1,1,1
314,3,96,100,100,51,100,64,70,71,99,51,50,70,100,1,2,9,2,7,2,3,5,5,2,3,2,2,3
315,50,100,100,89,0,0,50,50,50,100,50,0,49,100,2,1,11,9,4,3,3,3,3,2,3,3,2,3
316,7,84,91,56,1,96,2,86,1,96,45,2,52,86,1,5,9,2,7,4,4,4,4,4,4,4,4,3
317,100,57,71,100,58,0,100,0,91,100,100,51,8,100,1,1,11,9,1,2,3,4,3,2,2,4,2,1
318,1,59,75,80,10,70,1,80,6,96,1,6,41,75,1,5,2,9,7,3,4,4,4,3,3,3,2,3
319,100,99,33,48,29,13,81,26,39,68,100,15,50,56,1,1,3,1,1,1,5,5,5,1,5,5,5,3
320,88,56,84,54,50,3,83,50,51,79,50,50,22,79,1,1,11,1,2,3,4,4,3,4,4,4,2,3
321,100,99,90,91,66,998,99,2,6,41,90,83,50,94,1,1,11,1,1,4,4,4,4,2,2,2,2,1
322,0,29,73,66,33,54,1,4,2,98,27,17,10,88,1,5,8,9,7,1,3,3,3,1,4,3,1,5
323,2,58,99,84,0,1,2,19,19,97,46,0,0,74,1,4,11,3,7,3,5,5,3,1,5,2,1,5
324,91,39,93,55,33,73,75,22,7,41,28,14,27,13,1,1,9,9,2,2,3,4,4,3,4,4,3,3
325,0,51,72,72,27,89,10,73,5,100,5,3,1,16,1,5,8,9,7,2,4,5,2,2,5,5,1,4
326,75,69,69,3,69,25,60,0,100,50,71,71,0,92,1,3,7,9,2,4,4,4,4,3,3,2,1,3
327,71,94,84,98,100,1,94,7,23,93,97,97,86,99,1,1,3,1,4,5,5,5,5,5,5,5,5,3
328,40,79,77,72,72,65,61,7,59,91,56,52,20,86,1,1,3,2,6,4,4,5,5,4,4,4,2,4
329,50,50,50,50,2,50,49,50,50,50,50,50,50,51,1,5,11,9,4,5,5,5,5,5,5,5,5,3
330,98,69,52,87,86,12,93,1,64,40,94,81,56,97,1,1,11,1,1,5,5,5,5,4,4,4,4,2
331,1,76,78,67,41,63,1,78,12,91,56,28,19,74,1,2,4,9,7,3,5,4,2,3,4,4,1,4
332,88,61,71,71,70,4,96,3,88,87,93,43,50,66,1,1,1,1,2,5,5,5,5,5,5,5,5,2
333,16,73,48,48,49,96,9,94,1,70,10,44,26,49,1,5,9,2,7,5,5,5,5,5,5,5,5,3
334,46,84,85,43,84,62,65,22,75,64,45,52,0,74,1,3,9,2,5,5,5,5,5,5,5,5,4,2
335,91,88,84,67,87,88,97,22,71,29,70,97,68,38,1,1,9,9,1,4,4,5,5,4,4,3,5,2
336,0,86,85,86,85,56,1,86,0,71,76,41,50,70,1,5,7,9,7,5,5,5,5,5,5,5,5,5
337,0,50,100,41,0,0,0,100,0,100,0,0,0,41,1,5,4,9,7,2,5,3,1,2,5,3,1,3
338,1,50,50,50,30,86,1,61,1,61,29,1,1,51,1,5,8,9,7,2,4,4,5,2,4,4,1,4
339,60,50,50,50,50,40,6,31,97,86,51,52,51,52,1,3,11,3,4,5,5,5,5,5,5,5,5,4
340,99,85,89,91,85,8,97,6,72,71,88,75,91,71,1,1,6,9,1,5,5,5,5,5,5,5,5,1
341,67,100,100,88,15,51,100,50,50,100,15,52,28,98,1,1,8,1,4,4,3,5,5,3,3,3,3,4
342,5,96,99,98,95,7,100,7,19,99,41,97,21,96,2,1,9,9,6,5,5,5,5,5,5,5,5,5
343,0,76,50,50,50,0,0,29,2,100,51,50,50,50,1,5,6,3,7,5,5,5,5,5,5,5,3,5
344,0,75,100,99,50,11,0,90,1,95,0,50,50,90,1,5,5,2,7,5,5,5,5,5,5,5,5,3
345,95,90,90,80,95,1,90,1,100,65,90,95,95,90,1,3,6,1,1,5,5,5,5,5,5,5,5,2
346,30,50,60,50,50,80,60,30,90,60,50,50,5,60,1,3,9,2,3,3,3,4,5,3,3,4,3,2
347,67,63,70,50,1,6,44,61,57,66,19,1,48,72,1,3,1,9,4,3,3,2,2,3,3,2,2,3
348,89,70,49,80,100,0,60,0,100,70,80,100,95,100,1,3,11,9,2,4,1,5,5,5,1,5,5,2
349,0,59,60,73,55,81,0,32,2,97,40,66,53,68,1,5,9,9,7,5,5,5,5,4,4,4,4,4
350,2,51,66,59,54,88,1,30,49,72,52,50,51,50,1,5,9,2,7,3,4,5,5,2,3,3,4,5
351,96,84,78,87,90,1,82,1,1,86,52,94,92,94,1,3,11,9,2,4,4,4,4,4,3,5,4,2
352,0,69,95,74,17,89,0,97,0,93,0,3,29,77,1,5,9,9,7,3,3,5,4,3,3,5,2,3
353,1,38,100,90,8,100,64,69,30,100,15,7,5,100,1,1,9,9,7,3,5,3,3,2,5,3,1,5
354,100,96,88,88,6,69,74,20,68,99,63,5,84,95,2,1,5,4,2,5,5,5,5,5,5,5,5,2
355,49,76,87,80,86,51,41,42,84,73,50,64,36,69,1,3,11,2,5,3,3,5,3,3,4,4,2,3
356,15,51,51,50,16,41,21,70,1,66,7,6,10,86,1,4,5,9,6,5,5,5,5,4,5,5,1,3
357,90,60,80,70,59,61,30,10,84,70,35,50,4,93,1,3,3,9,2,2,4,5,5,4,4,5,1,2
358,5,50,50,50,50,40,0,93,5,90,25,50,49,61,1,4,4,9,7,5,5,5,5,5,5,5,5,4
359,70,74,97,89,99,11,85,33,46,82,61,85,74,89,1,1,8,9,2,3,4,3,4,4,4,4,4,2
360,30,50,51,51,48,49,31,71,38,70,47,47,40,62,1,3,4,3,6,3,4,5,4,3,4,4,2,3
361,61,0,99,0,0,0,0,0,100,9,0,0,0,59,1,3,11,4,3,1,5,1,1,1,5,1,1,4
362,70,61,75,3,3,75,20,9,61,24,50,8,3,69,2,5,11,9,3,3,4,3,3,4,4,2,2,3
363,86,53,97,66,36,6,69,3,3,43,16,9,10,93,1,4,11,3,3,1,5,2,5,5,5,5,5,4
364,1,2,100,1,2,51,1,2,2,41,4,2,6,70,1,5,9,9,7,1,5,4,5,1,3,2,2,3
365,19,85,85,86,68,45,25,54,15,80,59,68,64,65,1,5,8,9,7,4,4,4,4,4,4,4,4,3
366,0,50,90,49,1,1,0,100,0,100,50,1,0,99,1,5,4,9,7,3,3,3,3,1,5,3,1,5
367,99,63,67,75,87,0,79,0,100,47,100,75,76,97,1,1,11,1,1,5,5,5,5,4,4,5,5,1
368,90,50,61,59,50,30,11,30,40,41,50,50,61,60,1,4,10,3,2,5,5,5,5,3,1,3,3,4
369,3,56,79,42,38,78,55,59,50,71,41,44,4,67,1,1,9,2,6,3,4,3,5,4,4,5,3,2
370,100,51,50,52,30,0,100,50,50,81,51,50,41,51,1,1,11,9,1,5,5,5,5,4,1,4,4,1
371,2,40,60,51,1,70,1,100,2,74,1,1,30,51,1,5,4,9,7,1,3,3,2,1,3,3,1,5
372,0,51,50,51,23,88,0,96,10,51,6,19,50,92,1,5,4,9,7,3,3,3,3,3,3,3,3,4
373,1,66,70,62,65,71,0,84,1,100,52,31,0,65,1,5,8,9,7,4,5,5,4,4,5,4,3,5
374,51,40,61,19,2,61,58,50,62,33,21,20,31,53,1,4,7,9,6,2,3,3,2,2,3,2,1,4
375,100,100,71,75,52,11,90,51,70,70,88,50,60,92,1,1,11,9,1,5,5,5,5,5,5,5,5,1
376,5,55,66,64,54,96,3,58,3,75,22,45,42,87,1,5,9,9,7,4,4,5,5,4,4,4,4,5
377,9,50,50,50,51,50,2,56,6,67,22,49,53,11,1,3,7,2,6,5,5,5,5,5,5,5,5,3
378,1,98,100,74,0,100,0,43,3,77,0,0,1,39,1,5,9,9,7,5,5,4,2,4,5,4,2,5
379,0,50,50,50,0,5,0,99,0,85,0,0,50,50,1,5,4,4,7,5,5,5,5,5,5,5,4,4
380,0,50,50,50,5,49,0,55,0,50,0,5,5,2,1,5,4,3,7,5,5,5,5,4,5,5,3,4
381,90,63,80,51,5,3,71,6,59,5,5,5,50,51,1,1,11,1,2,4,4,5,5,4,3,3,5,5
382,100,50,0,50,50,1,99,1,76,50,31,45,51,100,1,1,11,9,1,4,2,5,5,5,2,5,5,1
383,60,80,30,50,41,0,0,0,50,20,70,40,40,50,1,4,11,9,2,4,3,5,5,4,2,4,2,2
384,95,100,82,97,93,3,99,7,88,29,94,94,91,97,1,1,11,1,1,5,5,5,5,5,3,5,5,1
385,11,4,50,50,98,98,25,39,6,98,6,53,6,16,1,1,9,9,7,2,5,5,3,1,4,3,1,4
386,75,59,60,65,5,75,65,30,51,69,56,4,50,89,1,1,9,2,3,3,3,3,4,3,3,3,3,3
387,76,65,95,16,2,14,6,19,18,65,6,8,60,83,1,5,11,9,2,5,5,5,5,4,4,4,4,2
388,41,75,75,46,45,57,67,55,80,54,46,81,60,85,1,3,3,2,5,4,4,4,5,4,4,4,5,4
389,1,12,100,51,0,95,0,3,1,89,0,0,1,41,1,5,9,2,7,1,5,5,1,1,3,2,1,5
390,98,90,50,52,44,6,91,5,74,11,18,48,35,83,1,1,7,9,1,4,3,4,4,4,1,4,1,2
391,79,36,93,31,46,29,58,13,76,39,36,51,3,52,1,3,11,1,2,4,8,4,4,3,4,4,3,3
392,98,99,71,96,100,0,99,1,2,50,2,91,94,87,1,1,11,9,1,5,5,5,5,5,5,5,5,3
393,94,37,96,27,74,69,75,34,58,85,67,82,25,79,1,5,11,1,3,2,4,3,4,2,4,3,2,3
394,1,89,85,85,98,20,1,100,7,97,4,71,11,52,1,5,4,9,7,4,4,5,4,3,4,4,2,4
395,19,70,94,85,94,94,47,72,74,94,55,86,48,59,1,2,8,2,7,2,4,3,5,2,5,4,1,3
396,1,75,76,51,7,90,1,70,50,96,10,0,21,85,1,2,9,9,7,2,3,2,2,2,3,2,2,5
397,1,50,50,100,1,80,1,100,1,70,30,1,0,90,1,4,4,9,7,3,5,5,1,4,5,5,1,4
398,83,98,51,50,88,8,51,36,93,36,51,72,71,82,1,3,11,1,2,5,5,5,5,5,5,5,5,2
399,4,49,64,50,50,65,30,50,49,80,50,50,50,50,1,2,9,9,6,4,4,4,4,4,4,4,4,3
400,3,66,61,59,44,87,2,72,34,100,39,22,34,61,1,4,9,2,7,3,4,4,4,4,5,5,2,5
401,100,98,79,77,53,1,100,3,7,94,93,50,92,91,1,1,11,1,1,4,5,5,5,2,3,5,5,3
402,4,59,59,70,60,30,11,71,5,89,20,40,41,62,1,5,8,9,7,2,3,5,5,1,2,3,2,3
403,87,98,69,100,90,6,100,71,47,86,41,87,66,99,1,1,11,9,2,5,4,5,5,5,5,5,5,2
404,6,11,100,10,1,99,1,30,0,81,1,1,0,40,1,5,9,9,7,2,5,1,3,2,4,2,1,5
405,90,75,75,76,91,39,91,3,88,86,89,77,76,96,1,1,1,1,2,4,4,4,4,4,4,4,4,3
406,100,100,50,96,70,0,100,0,99,66,98,71,69,99,1,3,11,1,1,5,3,5,5,3,1,3,3,2
407,0,52,53,53,50,70,0,90,3,79,37,11,7,87,1,5,4,9,7,3,3,3,3,2,3,3,2,4
408,94,97,61,95,20,1,82,54,96,47,45,30,89,89,1,3,4,9,2,5,4,5,5,4,4,4,4,3
409,1,40,50,40,40,40,1,85,30,70,15,15,40,50,1,3,4,9,7,4,4,5,5,3,4,3,3,3
410,3,49,85,62,50,90,1,56,5,94,5,49,1,50,1,4,9,2,7,5,5,5,5,2,4,5,1,3
411,94,50,53,88,75,1,81,4,91,96,47,56,43,98,1,3,11,1,2,5,5,5,5,4,5,5,5,2
412,2,50,53,52,4,95,2,91,2,86,6,1,4,89,1,5,5,2,7,1,5,4,4,1,4,4,1,5
413,6,50,50,50,50,31,4,58,6,75,31,50,40,84,1,5,5,2,7,4,5,4,5,2,3,3,2,4
414,5,70,90,70,10,100,3,90,5,95,80,30,10,95,1,5,9,9,7,3,4,4,4,3,4,4,1,3
415,90,61,88,60,60,0,60,0,90,59,70,51,70,89,1,3,11,1,2,4,5,4,5,4,4,4,4,2
416,89,100,70,51,50,4,100,30,51,41,71,52,41,97,1,1,11,1,5,5,5,5,5,3,3,2,1,4
417,2,998,42,29,2,20,19,73,20,72,30,13,12,41,2,5,9,2,7,3,5,3,3,3,4,3,3,4
418,3,90,80,43,69,97,5,60,30,98,69,53,5,100,1,2,9,9,7,4,2,4,3,3,3,2,2,4
419,5,51,50,51,16,31,4,80,2,90,11,11,11,21,1,4,8,9,7,4,4,4,4,4,4,4,3,5
420,1,85,85,85,50,85,1,95,1,85,10,50,85,15,1,2,4,2,7,5,5,5,5,5,5,5,5,2
421,31,89,97,50,21,40,0,56,50,93,11,15,85,41,1,3,3,9,5,3,4,5,5,5,5,5,5,2
422,100,99,31,99,3,14,75,75,75,8,14,5,80,66,1,1,2,9,1,5,1,5,5,5,1,5,5,3
423,72,70,75,80,44,22,49,49,55,75,51,47,49,55,3,5,11,9,2,4,4,4,4,3,4,3,4,3
424,1,50,51,60,6,100,1,70,16,51,31,15,1,50,1,5,9,9,7,4,5,5,3,1,5,5,1,5
425,85,72,60,60,53,10,52,5,54,66,62,50,0,87,1,4,10,9,2,4,4,4,3,5,4,5,4,4
426,86,100,75,90,96,65,70,5,100,61,100,86,85,87,1,3,10,1,2,5,5,5,5,5,5,5,5,2
427,95,71,80,87,95,2,76,11,86,71,86,80,71,100,1,3,7,9,1,5,5,5,5,4,3,4,4,2
428,1,18,59,25,0,0,0,0,0,74,0,0,37,40,1,5,11,9,7,1,4,1,5,1,2,4,2,5
429,60,80,80,80,80,1,85,1,90,70,85,80,50,90,1,3,5,9,3,5,5,5,5,5,5,5,5,2
430,66,83,84,75,50,33,72,43,75,92,66,50,50,76,1,3,11,9,3,3,5,4,3,3,3,3,3,2
431,0,61,70,50,50,70,0,91,21,92,51,31,50,50,1,2,4,9,7,4,4,4,4,4,5,4,3,4
432,95,99,75,74,79,0,89,61,88,70,77,85,51,95,1,1,11,9,2,5,5,5,5,5,5,5,5,5
433,1,93,82,94,22,75,1,93,5,82,3,26,68,75,1,2,8,2,7,5,5,5,5,5,5,5,5,4
434,90,97,80,94,96,2,60,0,99,52,91,96,89,100,1,3,11,9,2,5,5,5,5,5,5,5,5,2
435,0,50,100,50,50,0,0,50,50,90,0,50,50,70,1,5,11,3,7,2,4,2,3,3,4,3,2,3
436,6,70,70,70,41,6,21,29,32,71,62,41,62,71,1,3,8,4,6,5,5,5,5,4,4,4,4,3
437,2,63,69,48,0,93,1,85,19,94,41,2,1,32,1,5,9,9,7,3,5,5,3,2,4,4,1,4
438,75,87,86,89,88,35,63,11,98,39,73,61,65,95,1,3,6,9,2,5,5,5,5,5,4,5,5,2
439,1,85,85,95,40,94,2,85,2,96,95,55,21,80,1,5,9,9,7,3,4,5,3,2,4,4,1,4
440,0,99,100,71,50,100,0,94,0,100,50,50,70,69,1,4,9,2,7,5,5,5,5,4,4,4,4,5
441,1,54,60,60,0,47,1,61,30,90,11,1,24,50,1,5,2,9,7,4,4,4,4,2,4,3,1,3
442,84,72,56,71,71,1,84,0,69,41,75,59,50,98,1,1,11,1,2,5,5,5,5,4,4,4,3,2
443,52,51,60,35,50,69,18,50,40,71,51,51,52,80,1,5,9,2,3,4,3,4,4,1,4,2,4,4
444,10,50,44,60,61,39,23,59,30,46,50,50,41,84,1,5,7,9,7,5,5,5,5,5,5,5,5,4
445,59,99,99,99,99,30,41,70,41,99,80,99,80,91,1,2,6,3,3,5,5,5,5,5,5,5,5,3
446,80,60,70,85,75,5,75,10,95,70,65,60,55,90,1,3,11,1,2,5,5,5,5,5,5,5,5,2
447,0,40,89,60,49,96,0,85,5,89,16,16,29,70,1,5,9,9,7,4,3,4,5,1,3,2,3,5
448,43,998,99,7,1,67,30,39,998,78,25,25,13,99,1,1,3,9,3,1,5,1,3,1,5,1,1,3
449,0,15,75,15,0,75,0,100,0,15,0,0,0,25,1,5,4,9,7,1,4,5,3,3,5,4,1,5
450,57,50,100,59,55,47,84,49,42,100,44,5,25,44,1,1,11,1,5,5,5,5,5,4,5,5,3,3
451,0,39,90,70,20,95,5,93,11,80,11,31,6,85,1,2,9,9,7,3,5,4,5,2,5,4,1,4
452,3,34,81,46,50,40,0,96,23,78,22,33,31,38,1,2,4,3,7,2,4,3,3,1,4,3,1,4
453,59,50,97,64,97,3,56,33,58,91,63,99,47,87,1,3,11,9,3,3,5,4,4,3,5,4,4,4
454,32,100,100,90,97,89,41,5,100,85,100,91,32,100,1,3,9,9,5,5,5,5,2,5,5,5,1,4
455,56,92,71,64,87,22,66,31,32,67,60,72,998,31,2,1,11,9,2,2,1,3,2,3,3,3,3,2
456,81,71,74,74,100,2,77,3,90,84,76,100,75,84,1,3,11,9,2,5,5,5,5,4,4,4,4,2
457,10,61,50,80,90,51,11,39,6,89,41,50,41,50,1,4,2,9,7,4,4,5,5,3,4,4,3,3
458,70,70,69,86,71,2,71,45,31,50,61,48,51,70,1,5,11,1,3,4,4,4,4,4,4,4,4,3
459,84,91,81,88,100,20,100,10,22,30,89,90,12,99,1,1,11,1,2,2,2,2,3,2,2,2,3,5
460,9,45,50,41,50,31,1,19,21,69,45,16,4,70,1,5,1,3,7,3,3,3,3,3,3,3,2,4
461,59,59,71,50,60,17,64,43,59,60,58,30,4,76,1,1,1,9,3,2,4,4,2,3,4,3,1,2
462,86,52,52,52,57,22,85,41,78,91,53,76,9,89,2,1,3,9,2,4,4,4,5,3,3,3,3,2
463,80,30,50,50,50,40,75,0,65,50,0,50,30,70,1,1,7,9,2,3,4,4,4,3,4,4,4,1
464,94,99,79,81,97,90,77,92,91,59,95,97,100,87,1,1,9,1,1,2,1,1,1,2,1,1,1,1
465,5,50,52,50,3,66,7,94,20,87,6,3,1,67,1,5,7,9,7,3,3,4,3,3,4,3,2,3
466,99,71,97,89,99,3,72,20,85,85,72,95,70,90,1,3,11,9,1,5,5,5,5,4,5,5,4,4
467,0,90,90,90,99,1,0,0,0,0,6,100,88,90,1,5,11,4,7,5,5,5,5,5,5,5,5,5
468,0,50,50,42,23,21,5,95,0,63,29,28,13,51,1,5,2,3,7,4,4,4,4,5,5,5,5,5
469,100,50,50,50,50,0,85,0,85,50,100,50,50,75,1,1,11,1,1,5,5,5,5,3,3,3,3,2
470,96,76,60,64,61,65,74,67,84,81,74,72,76,72,1,3,2,2,1,1,1,1,1,1,1,1,1,1
471,5,56,48,41,5,20,33,97,5,58,27,11,20,48,1,4,4,9,3,4,3,4,5,4,4,4,3,3
472,0,89,90,87,52,86,0,91,6,100,1,51,51,54,1,5,9,9,7,5,5,5,5,5,5,5,5,4
473,0,100,100,100,100,0,0,100,0,40,50,100,0,100,1,5,5,9,7,5,5,5,5,5,5,5,5,4
474,3,26,100,38,3,46,1,50,37,93,3,0,16,9,1,3,2,2,7,4,4,3,4,3,4,4,2,3
475,3,94,100,99,90,2,96,50,85,91,97,81,84,81,1,1,6,9,1,5,5,5,5,5,4,5,4,1
476,8,50,50,50,50,73,3,76,4,91,28,50,50,50,1,5,2,9,7,2,4,5,5,3,4,4,3,4
477,2,50,89,1,10,90,0,71,40,85,49,11,1,89,1,2,9,2,7,3,4,1,1,3,4,2,1,5
478,100,100,100,100,97,100,100,51,100,100,100,100,100,100,1,2,6,9,1,5,5,5,5,5,5,5,5,1
479,0,90,71,71,70,80,0,61,30,100,31,69,40,51,1,4,8,2,7,4,4,4,4,4,4,4,3,5
480,82,75,67,45,0,0,79,2,39,50,45,0,56,60,3,1,11,9,2,4,4,4,4,4,4,4,3,2
481,100,84,87,85,100,0,78,5,100,100,98,76,75,100,1,3,8,1,1,5,5,5,5,5,5,5,5,2
482,54,49,69,47,49,83,76,50,55,46,47,44,50,55,1,1,9,9,4,3,3,3,3,3,3,3,3,3
483,99,80,75,74,81,2,99,2,0,66,97,72,87,92,1,1,11,1,1,5,5,5,5,5,5,5,5,1
484,0,93,2,44,0,0,1,0,3,0,4,0,10,8,1,5,2,3,7,5,1,4,5,4,1,3,3,4
485,63,79,69,63,73,71,70,73,30,63,62,76,41,66,1,1,4,2,3,3,4,4,3,3,2,4,4,3
486,20,50,50,95,50,60,16,95,50,95,45,50,60,70,1,2,4,9,6,5,5,5,5,4,4,4,4,3
487,98,94,78,84,67,54,85,74,87,91,76,72,84,79,1,1,4,1,2,5,5,5,5,4,3,3,2,3
488,0,50,100,50,50,80,0,60,15,60,50,50,40,60,1,5,7,9,6,2,4,4,5,3,4,3,3,4
489,100,81,90,71,99,6,99,4,98,87,96,95,79,100,1,1,1,1,1,5,5,5,5,5,5,5,5,1
490,1,100,100,100,50,30,1,90,1,50,25,50,50,100,1,5,7,9,7,4,4,4,4,4,5,4,3,3
491,90,96,97,95,2,97,51,35,86,89,50,36,95,70,1,3,9,2,2,5,5,5,5,5,5,5,4,2
492,19,41,86,34,58,49,18,22,9,61,40,70,26,83,1,5,9,2,6,4,4,4,4,3,4,3,3,2
493,6,50,59,21,41,89,5,36,9,53,32,41,10,28,1,5,9,2,7,4,3,2,4,4,3,3,4,5
494,70,75,88,74,2,50,95,64,51,72,50,0,6,78,2,1,4,9,3,2,5,3,3,2,1,2,1,3
495,15,63,70,49,51,90,81,31,73,88,50,21,10,92,1,1,9,9,7,2,3,1,2,2,3,2,1,5
496,0,34,100,55,30,88,19,72,62,95,67,16,34,81,1,5,9,2,7,3,4,5,3,1,5,4,1,4
497,89,51,50,50,91,1,60,0,94,53,100,59,50,77,1,3,11,1,2,5,5,5,5,5,5,5,5,2
498,100,81,86,70,50,10,91,3,51,60,67,70,61,70,1,1,11,9,1,4,4,4,4,4,4,4,3,3
499,100,85,85,88,50,34,98,16,85,70,60,7,81,100,1,1,6,1,1,5,5,5,5,5,5,5,5,4
500,69,69,56,69,60,14,64,34,87,62,61,78,72,63,1,3,1,1,3,4,4,5,4,4,3,4,3,2
501,57,77,86,44,88,31,53,51,56,87,29,68,59,68,2,5,11,9,3,4,4,4,4,3,3,3,3,3
502,100,84,30,30,50,0,64,32,0,2,50,72,21,88,1,1,3,1,1,4,4,5,3,3,3,3,1,1
503,98,72,72,89,100,22,75,25,70,81,97,72,2,97,1,1,5,9,1,5,5,5,5,2,3,5,2,1
504,0,100,100,100,15,60,0,75,0,91,10,15,50,80,1,5,2,9,7,5,5,5,5,5,5,5,4,3
505,3,30,100,70,100,0,100,0,90,100,100,100,1,100,1,1,7,9,5,1,5,4,3,2,5,3,1,2
506,94,94,44,93,13,19,94,20,86,60,45,13,48,83,1,1,11,9,2,5,5,5,5,5,4,5,4,1
507,3,80,97,49,97,94,49,42,71,100,30,19,1,100,2,5,9,2,7,4,4,4,1,3,3,4,1,5
508,68,97,96,97,97,19,68,54,85,92,88,88,94,93,1,3,11,9,4,4,4,4,5,3,3,3,5,2
509,50,56,60,55,95,94,71,1,2,41,69,67,16,88,1,1,9,9,5,4,4,5,5,4,3,5,2,2
510,1,50,50,50,50,65,1,90,1,95,20,10,40,55,1,4,4,9,7,4,4,4,4,4,4,4,3,3
511,2,20,60,53,20,99,2,5,2,93,2,2,2,23,1,5,9,2,7,1,4,4,1,1,4,1,1,4
512,87,60,83,61,50,87,72,41,41,79,63,54,58,75,1,2,9,9,2,3,4,4,4,3,4,4,4,2
513,0,0,51,0,0,7,0,0,0,2,0,0,0,0,2,5,11,4,7,1,3,5,1,1,1,4,1,5
514,4,3,62,58,0,40,2,98,4,77,16,0,30,51,1,5,4,9,7,1,3,5,5,1,4,4,2,4
515,0,100,70,90,51,6,0,100,6,91,6,1,50,50,1,2,4,3,7,5,5,5,5,3,3,4,2,5
516,7,51,74,55,49,44,0,57,12,98,30,12,37,76,1,2,8,9,7,4,4,4,5,3,4,3,3,3
517,2,48,50,50,30,86,0,70,1,90,50,31,3,81,1,5,9,2,7,4,5,5,2,3,4,4,1,3
518,71,85,20,95,50,0,35,2,40,60,70,50,55,100,1,2,6,9,1,5,4,5,5,4,4,4,4,1
519,30,79,66,81,90,86,0,31,80,100,60,85,84,71,1,5,10,9,6,3,3,4,5,2,2,3,3,4
520,37,52,100,50,28,0,84,51,19,96,33,6,0,75,1,1,11,1,4,1,3,4,3,1,3,3,1,2
521,4,74,77,73,24,91,5,82,28,94,5,3,15,91,1,5,9,9,7,3,4,4,3,3,4,1,1,4
522,0,95,89,90,5,100,2,84,3,100,10,20,40,50,1,4,9,2,7,3,3,3,3,3,3,3,3,5
523,100,100,100,100,51,0,100,0,86,86,100,50,99,100,1,1,11,9,1,5,5,5,5,5,5,5,5,1
524,0,89,60,70,0,95,0,60,0,75,0,0,0,50,1,5,9,9,7,4,4,5,2,5,5,5,1,5
525,98,99,100,99,98,7,99,12,71,66,100,98,99,99,1,1,1,1,1,5,5,5,5,5,5,5,5,1
526,59,88,84,89,51,93,88,67,84,89,88,45,88,87,1,1,11,1,4,4,4,5,5,4,4,1,1,3
527,0,90,80,80,16,51,0,100,6,95,3,6,6,32,1,4,4,9,7,3,3,3,2,2,3,2,1,3
528,100,83,70,100,100,3,90,2,100,41,100,100,100,100,1,3,11,1,1,5,5,5,5,5,5,5,5,3
529,86,50,50,50,69,18,99,32,75,68,68,70,78,88,1,1,11,9,1,5,5,5,5,5,5,5,5,3
530,19,50,50,49,51,70,16,73,62,70,56,51,41,81,1,2,8,2,7,2,4,2,2,4,5,5,2,3
531,13,50,50,50,50,100,0,87,40,100,30,43,39,59,1,4,9,9,6,3,3,5,4,2,5,3,2,4
532,61,100,100,100,100,0,0,1,32,61,100,100,100,100,1,5,11,9,5,5,5,5,5,5,5,5,5,5
533,1,78,78,62,61,78,1,73,51,91,83,61,45,62,1,5,2,9,7,3,4,3,3,3,4,4,3,4
534,95,52,100,91,100,5,71,52,52,100,51,100,73,60,1,2,4,1,4,5,5,5,5,3,2,4,4,3
535,34,85,58,60,84,3,51,66,36,28,87,56,27,57,2,4,4,3,1,2,2,2,2,3,4,4,3,2
536,9,38,82,43,15,66,6,79,17,100,8,5,7,87,1,2,2,9,7,2,3,2,3,3,4,3,2,4
537,100,91,97,93,99,0,100,0,100,89,100,95,90,95,1,1,11,1,1,3,3,5,3,3,3,3,3,1
538,52,71,49,91,0,97,33,39,35,51,22,0,29,43,3,5,9,9,5,5,4,5,4,4,3,4,3,3
539,71,71,70,70,1,1,50,51,61,51,40,1,71,71,1,3,4,1,4,5,5,5,5,5,5,5,5,3
540,28,35,22,94,71,1,3,99,63,14,98,88,52,51,1,3,11,9,5,2,3,4,3,1,3,2,2,3
541,18,81,100,96,50,87,35,88,55,90,50,50,25,100,1,4,2,9,6,5,5,5,5,4,2,5,2,3
542,99,62,45,85,98,4,20,1,100,3,71,85,57,99,1,3,11,1,1,5,3,5,5,4,1,5,4,1
543,88,80,68,74,80,5,72,31,52,71,61,81,61,70,1,1,11,9,2,4,3,5,5,4,4,5,4,2
544,3,80,99,85,85,31,3,50,40,70,71,50,50,100,1,5,8,3,7,2,4,4,4,3,4,4,4,3
545,2,86,86,73,86,73,1,18,64,86,51,85,51,85,2,5,9,2,7,5,5,5,5,3,3,3,2,3
546,99,94,96,96,96,2,89,3,88,86,89,81,89,99,1,1,6,9,1,5,5,5,5,5,5,5,5,3
547,59,53,51,40,53,10,38,998,39,69,38,45,50,70,1,5,8,9,5,4,4,4,5,3,5,4,5,2
548,6,42,81,68,63,55,6,25,2,86,6,36,26,89,1,2,7,2,7,2,4,4,5,2,4,4,4,3
549,100,88,99,62,100,19,100,26,10,38,85,87,50,77,1,1,11,9,1,3,5,4,5,2,5,1,2,4
550,30,90,90,90,70,60,2,60,55,70,65,50,60,80,1,3,1,2,6,3,4,5,3,2,2,3,2,3
551,60,77,84,93,94,4,56,19,90,74,35,94,82,93,1,3,3,9,5,2,2,4,4,4,4,4,4,3
552,59,50,72,31,15,72,97,16,50,67,56,13,11,46,1,1,9,9,6,5,5,5,5,4,4,4,2,3
553,22,38,53,48,28,68,0,56,1,87,3,16,41,38,1,5,2,2,7,3,3,4,5,4,4,4,4,4
554,100,90,81,81,100,0,81,0,100,71,81,99,81,99,1,3,6,9,1,5,5,5,5,5,5,5,5,1
555,100,100,1,100,100,2,100,1,1,50,100,100,100,90,1,1,11,1,1,5,5,5,5,5,1,5,4,1
556,6,72,69,4,1,100,1,82,3,87,3,0,50,51,1,5,2,2,7,2,3,2,1,1,4,3,1,5
557,16,83,100,77,5,75,85,80,60,97,50,5,9,86,1,1,9,9,7,4,5,4,4,3,4,3,2,5
558,11,50,50,50,50,70,12,70,70,90,50,50,51,70,1,3,9,9,6,3,3,3,3,3,5,3,3,4
559,94,100,61,84,93,1,82,12,88,20,91,93,94,78,1,3,8,1,2,5,3,5,5,5,3,5,5,2
560,11,16,37,86,53,3,9,6,19,76,9,43,4,96,1,3,6,1,7,4,3,4,4,1,3,3,2,2
561,81,50,52,53,63,65,57,12,59,25,23,48,50,90,1,1,1,2,2,5,5,5,5,5,5,5,5,2
562,80,50,50,55,50,22,67,15,55,51,50,50,55,90,1,1,1,1,2,4,4,4,4,4,4,4,4,2
563,6,61,90,51,80,51,5,41,21,91,61,75,41,96,1,2,6,3,7,3,5,4,3,4,4,4,2,4
564,5,52,51,41,74,35,1,40,16,85,90,31,31,99,1,3,7,9,7,4,4,4,4,3,3,3,2,4
565,100,72,78,96,78,0,91,0,75,64,93,55,59,100,1,1,11,9,1,4,5,5,5,4,4,5,4,2
566,16,53,51,52,50,2,11,4,61,75,20,51,52,53,1,3,11,3,6,5,5,5,5,4,4,5,4,3
567,40,6,87,42,69,70,20,37,74,96,76,52,8,97,1,3,9,2,6,1,3,4,5,1,3,4,1,2
568,29,80,77,57,69,43,57,38,48,76,76,69,16,69,1,5,3,9,4,3,3,4,5,2,3,4,3,2
569,60,72,41,24,63,28,78,46,50,25,58,81,59,80,1,1,11,9,1,1,2,2,2,1,2,2,2,1
570,3,1,70,52,47,100,0,42,0,100,1,1,998,44,1,5,9,9,7,1,5,5,1,1,5,5,1,5
571,3,72,74,94,2,87,3,53,50,76,52,2,51,71,1,5,9,9,7,4,4,3,3,2,2,2,5,5
572,1,83,91,81,50,51,0,99,0,94,28,50,1,80,1,5,8,9,7,5,5,5,5,4,5,4,2,5
573,100,50,50,50,50,5,100,5,50,50,50,50,50,50,1,1,11,9,1,5,5,5,5,5,5,5,5,1
574,31,50,50,50,51,40,25,30,35,20,40,41,45,70,1,3,8,9,6,5,5,5,5,5,5,5,4,3
575,100,98,49,50,48,2,99,2,0,72,50,50,1,90,1,1,11,9,1,5,5,5,5,2,1,2,3,2
576,72,50,50,50,51,14,84,3,94,74,72,50,50,94,1,3,11,9,2,5,5,5,5,5,5,5,5,2
577,0,41,83,51,0,78,0,21,0,72,0,0,0,74,1,5,9,2,7,4,5,5,3,2,4,4,1,5
578,92,37,80,55,36,50,55,27,13,47,34,8,3,100,2,4,9,9,2,4,5,5,5,3,4,5,1,3
579,2,90,90,86,95,90,2,8,5,52,64,67,4,77,1,4,9,2,6,4,4,4,4,4,4,4,1,4
580,56,78,68,68,61,89,54,71,90,50,81,80,79,80,1,8,3,9,2,2,2,2,1,4,3,4,4,2
581,70,99,51,100,99,0,20,6,100,0,100,99,99,98,1,3,11,9,3,5,4,5,5,4,4,4,4,3
582,4,66,89,80,80,84,9,76,16,97,70,79,41,94,1,5,3,2,7,3,4,5,5,3,4,4,2,3
583,67,98,79,63,0,100,56,51,64,100,71,91,99,35,1,5,11,4,7,1,1,1,1,1,1,1,1,1
584,17,100,62,61,52,34,2,84,10,58,20,7,51,63,1,5,4,9,6,5,5,5,5,3,3,4,1,3
585,83,66,86,61,85,0,92,37,58,79,54,71,0,84,1,1,11,9,2,2,3,5,3,1,3,4,4,2
586,91,89,87,91,94,0,78,0,96,72,92,89,77,94,1,3,11,9,1,5,5,5,5,4,4,4,4,2
587,95,54,53,53,53,4,75,5,75,63,71,52,53,98,1,1,8,1,1,5,5,5,5,5,4,5,5,2
588,89,60,84,50,50,0,65,0,99,42,50,49,50,71,1,3,11,9,2,4,4,5,5,4,5,4,4,2
589,35,50,51,50,50,5,40,0,51,12,49,50,50,50,1,1,11,1,6,2,2,2,2,2,2,2,2,2
590,97,99,55,83,99,6,89,47,99,12,30,99,6,28,1,3,11,9,5,3,3,2,5,3,3,3,3,4
591,6,80,100,22,100,100,3,76,51,59,100,85,1,98,1,3,9,9,7,3,4,3,3,2,3,3,1,3
592,89,61,87,33,12,95,70,61,50,89,69,21,41,58,1,1,9,9,2,2,2,2,2,2,2,2,2,1
593,70,46,44,94,92,8,12,27,16,19,49,28,84,38,2,5,11,4,3,2,2,5,5,3,3,3,4,2
594,50,15,96,0,50,50,20,0,90,90,90,0,50,10,1,3,9,9,5,1,5,1,5,1,5,1,1,3
595,0,41,45,55,1,81,0,96,0,99,0,0,19,10,1,2,4,2,7,2,4,5,4,1,4,3,2,4
596,61,53,63,32,25,52,38,55,54,55,53,51,63,51,2,5,11,9,7,3,3,3,3,3,3,3,3,3
597,3,95,87,28,98,94,9,50,53,63,67,66,34,92,1,5,9,9,7,5,5,5,5,5,5,5,5,4
598,89,97,94,89,100,3,95,2,84,75,82,97,68,99,1,1,9,1,1,5,5,5,5,5,5,5,5,1
599,100,51,50,51,50,2,90,50,50,51,60,51,51,70,1,1,11,9,2,5,5,5,5,5,5,5,5,3
600,5,50,50,50,50,20,6,7,51,71,50,50,50,51,1,5,8,3,7,3,3,3,3,2,2,2,2,3
601,91,100,100,99,94,100,100,100,998,100,100,87,100,100,1,1,9,9,2,5,5,5,5,5,5,5,5,3
602,88,94,91,78,93,22,60,11,86,73,96,84,73,95,1,3,11,1,2,5,5,5,5,5,5,5,5,2
603,74,52,50,55,49,85,53,61,27,64,49,50,36,52,1,5,9,9,2,3,4,5,2,2,2,2,1,3
604,100,100,26,100,100,3,81,3,6,18,51,98,99,100,1,1,11,9,1,5,5,5,5,5,2,5,5,1
605,40,998,998,61,51,0,1,0,71,41,40,51,51,55,1,3,11,9,5,8,8,8,8,4,1,4,4,4
606,0,13,87,60,50,50,30,50,50,34,16,50,0,74,1,5,11,3,7,2,3,5,1,3,4,5,1,4
607,71,31,70,45,1,41,39,51,60,0,13,0,5,94,1,3,8,9,3,1,4,3,5,2,4,2,1,2
608,1,18,100,15,3,100,2,99,4,98,5,3,4,89,1,5,9,9,7,1,5,1,2,1,5,2,1,3
609,91,89,12,59,15,60,9,20,18,22,63,31,17,11,1,3,2,2,1,4,1,1,3,1,3,2,1,1
610,60,33,73,43,61,52,65,46,37,47,46,40,48,52,1,1,2,1,1,1,1,1,1,1,1,1,1,1
611,61,74,100,87,99,4,41,30,59,100,78,77,73,88,1,5,8,9,6,5,5,5,5,4,5,4,5,3
612,100,90,78,100,100,1,100,10,89,36,85,75,68,71,2,1,10,1,1,3,1,5,5,2,1,4,3,3
613,73,91,55,100,100,5,53,5,77,21,41,100,91,84,1,3,11,9,2,4,2,4,5,3,1,4,4,5
614,100,98,85,4,36,2,97,48,15,72,53,51,9,97,1,1,11,9,4,3,3,3,3,3,3,3,3,3
615,99,100,89,90,48,39,81,51,51,79,72,51,69,86,1,1,11,1,1,5,5,5,5,4,4,4,3,2
616,100,97,93,97,97,0,98,0,67,89,51,51,96,51,1,1,11,9,1,5,5,5,5,5,5,5,5,2
617,52,50,41,50,21,5,50,50,51,20,21,41,31,40,1,1,2,1,4,3,3,3,3,3,3,3,3,3
618,96,96,91,88,95,13,100,36,89,64,85,95,94,86,1,1,8,9,2,5,3,5,5,3,3,4,4,2
619,23,0,1,86,3,998,2,1,1,0,1,0,8,10,2,5,11,9,7,5,1,5,5,4,1,5,3,3
620,80,50,50,50,50,11,54,34,77,55,49,50,50,50,1,3,6,9,2,5,5,5,5,5,5,5,5,3
621,0,0,60,70,60,100,60,0,30,70,0,60,0,100,3,1,9,9,7,1,5,5,5,1,2,2,1,5
622,92,93,89,82,90,1,95,0,99,61,63,59,75,98,1,3,11,1,2,4,2,4,4,4,2,4,4,3
623,16,67,83,45,30,100,3,59,61,96,50,31,51,92,1,5,9,9,6,1,4,3,2,2,4,3,3,4
624,38,18,27,34,27,19,34,26,36,27,26,29,11,22,1,5,11,9,3,3,3,3,3,8,8,8,3,3
625,5,2,0,57,28,1,3,1,3,6,6,3,1,3,2,3,4,9,7,3,3,3,3,3,3,3,3,5
626,10,70,90,41,59,99,21,90,59,99,79,59,60,85,1,3,3,9,6,3,4,3,4,3,4,4,4,3
627,15,100,100,100,50,80,17,14,49,93,50,50,47,100,1,3,9,2,6,5,5,5,5,5,5,5,5,5
628,1,1,1,3,2,2,3,2,2,2,1,1,2,3,2,5,11,4,7,3,3,3,3,3,3,3,3,3
629,10,73,97,23,83,99,10,2,30,100,45,22,14,73,1,5,9,9,7,3,2,3,4,3,2,3,1,4
630,50,70,70,50,50,43,50,50,55,61,50,50,50,40,1,5,5,9,4,3,3,3,3,4,3,3,2,3
631,18,69,73,71,76,95,10,61,72,65,12,43,53,73,1,3,9,9,6,2,3,4,4,3,4,3,3,4
632,13,50,73,44,60,10,86,45,60,50,49,55,49,51,1,3,11,9,2,4,4,5,4,3,4,4,4,2
633,15,95,94,95,51,56,41,30,30,94,52,50,51,91,1,5,9,9,6,4,4,4,5,3,3,4,4,4
634,0,100,45,90,100,9,69,91,80,100,100,41,100,100,1,5,4,9,7,4,2,2,1,3,5,5,5,5
635,0,40,95,61,40,94,0,55,20,90,56,50,0,90,2,5,9,9,7,2,5,5,5,2,4,3,3,3
636,88,51,51,50,100,0,92,0,6,0,100,100,50,100,1,1,11,1,2,5,5,5,5,5,5,5,5,2
637,0,50,50,50,0,11,0,50,18,36,11,0,0,20,2,5,11,9,7,2,2,4,4,3,3,3,4,4
638,0,65,70,81,30,65,0,100,0,92,40,0,42,60,1,5,4,9,7,2,3,5,5,3,3,4,2,4
639,0,78,68,81,58,78,0,59,5,99,12,26,70,63,1,5,1,2,7,5,5,5,5,5,5,5,5,2
640,75,30,90,55,40,70,85,5,70,40,40,6,40,100,1,1,9,9,2,4,4,5,4,2,3,3,1,2
641,50,50,50,50,50,50,50,50,50,50,50,50,50,50,3,5,11,9,4,3,3,3,3,3,3,3,3,3
642,100,60,41,90,50,50,100,49,59,3,50,50,69,50,1,1,11,9,1,5,4,5,5,3,1,4,5,3
643,70,68,81,41,40,100,61,40,60,69,59,60,9,67,1,1,9,9,5,3,3,3,3,4,4,4,4,4
644,2,1,1,1,0,2,0,2,0,1,1,2,0,1,1,3,11,9,7,1,1,1,1,1,1,1,1,5
645,4,32,48,32,29,70,2,30,50,26,51,43,20,51,1,3,2,9,6,2,3,4,4,3,3,3,3,3
646,95,87,76,70,65,3,85,31,41,71,90,49,71,90,1,1,11,1,2,3,3,3,3,3,1,2,2,3
647,49,49,50,50,49,52,48,48,50,50,1,48,48,49,2,5,11,4,4,5,5,5,5,5,5,5,5,3
648,84,100,100,100,100,62,79,1,86,60,100,100,51,100,1,1,7,9,2,5,5,5,5,4,4,4,4,2
649,81,63,70,58,51,10,51,33,48,51,49,50,57,50,1,1,1,1,3,5,5,5,5,4,4,5,5,2
650,89,73,69,58,69,41,74,8,92,12,71,50,61,79,1,3,9,1,2,3,3,3,5,1,2,3,4,2
651,90,97,66,86,86,35,95,36,81,47,76,78,51,81,1,1,11,1,2,5,5,5,5,4,4,5,5,2
652,0,51,51,50,49,1,1,41,31,15,41,9,0,51,1,5,2,9,7,5,4,5,5,4,4,4,3,3
653,18,50,50,51,12,64,24,50,51,94,17,14,35,85,1,5,9,2,6,4,4,3,3,3,3,2,2,3
654,70,50,50,59,59,71,80,4,46,81,32,51,54,90,1,1,9,1,2,3,3,5,4,3,3,4,5,3
655,17,99,99,99,95,50,1,32,99,71,51,51,98,32,2,3,7,9,6,5,5,5,5,5,5,5,5,4
656,91,98,42,42,6,0,70,1,10,21,12,4,42,50,1,1,11,1,2,5,5,5,5,4,4,4,4,2
657,100,100,83,91,75,52,97,50,75,68,58,74,70,81,1,1,11,1,1,5,5,5,5,3,2,4,4,1
658,8,91,41,33,8,100,20,32,53,100,13,5,30,80,1,3,6,9,7,4,3,5,4,2,2,4,5,5
659,50,80,89,55,89,30,51,9,3,77,76,88,12,86,2,5,11,4,4,3,3,3,3,3,3,3,3,3
660,1,85,86,86,50,53,1,97,10,100,41,60,46,70,1,5,4,9,6,5,5,5,5,4,4,4,4,5
661,100,0,99,100,100,19,100,1,58,100,26,3,100,4,1,1,4,1,1,1,5,1,1,1,5,1,1,1
662,4,85,85,85,50,0,5,30,25,20,10,20,50,50,1,1,7,9,7,3,3,3,3,3,3,3,3,3
663,50,100,95,85,10,5,56,65,50,60,51,49,57,100,1,1,1,9,3,4,4,5,5,3,3,4,2,3
664,75,86,35,100,42,1,4,24,94,57,27,2,50,81,1,3,7,9,2,3,3,5,4,3,2,4,3,4
665,42,94,88,14,78,88,65,8,71,72,95,22,1,87,1,3,9,2,6,4,4,4,1,4,4,5,1,3
666,2,73,63,72,50,51,2,97,2,51,0,2,22,22,1,5,4,9,7,4,4,4,4,3,4,4,3,4
667,33,90,81,73,59,97,34,87,40,93,36,53,59,96,1,3,9,9,6,4,3,5,4,5,4,5,4,3
668,81,85,50,50,63,1,53,2,0,20,41,50,50,56,1,1,11,1,2,5,5,5,5,5,5,5,5,3
669,96,95,94,98,95,81,99,87,72,99,83,98,63,86,1,1,6,1,1,5,3,4,3,4,5,5,5,2
670,3,50,80,52,50,80,2,51,51,65,50,50,0,59,1,5,9,9,7,1,5,5,3,3,3,4,2,3
671,91,6,90,7,3,3,81,3,6,31,5,5,6,6,1,1,1,9,2,4,4,4,4,5,4,5,5,2
672,99,94,91,96,100,0,100,7,85,72,79,100,89,100,1,1,1,9,2,4,3,4,5,4,2,3,3,2
673,12,50,90,71,50,70,52,13,6,100,77,90,6,81,1,4,10,9,4,3,4,4,4,1,2,2,2,3
674,0,50,50,70,20,20,0,0,10,40,20,10,30,70,1,3,7,9,6,3,3,3,3,3,3,3,2,3
675,69,63,61,63,67,7,75,11,73,57,65,66,61,89,1,1,6,9,2,5,5,5,5,5,5,5,5,3
676,89,77,73,75,75,2,92,10,18,81,84,51,62,93,1,1,11,1,2,5,5,5,5,5,5,5,5,3
677,99,59,62,89,52,1,100,0,51,0,100,1,50,98,1,1,11,1,1,5,5,5,5,8,8,8,8,1
678,91,70,51,51,50,1,90,38,77,21,50,50,50,90,1,1,11,9,2,4,4,5,5,4,4,4,4,2
679,31,91,87,100,15,51,95,46,89,57,94,81,36,50,2,1,2,1,1,3,2,1,5,3,2,1,4,1
680,63,50,50,51,58,6,59,50,50,71,58,50,50,88,1,5,11,1,3,4,3,5,5,4,3,4,4,2
681,1,6,98,27,60,80,11,79,6,49,10,28,0,69,1,5,9,9,7,1,4,1,1,1,3,1,1,3
682,67,76,99,76,90,90,40,1,88,76,100,91,5,98,1,3,9,9,3,5,5,5,5,2,3,3,1,3
683,99,97,19,51,43,16,89,22,80,87,50,46,51,60,1,1,2,9,1,5,4,3,4,4,1,2,3,5
684,80,77,73,74,81,33,77,35,81,61,79,75,77,91,1,3,11,1,2,5,5,5,5,5,5,5,5,2
685,100,75,79,76,98,1,48,50,98,36,26,79,92,99,2,3,1,1,2,5,5,5,5,5,5,5,5,2
686,8,47,61,37,44,89,62,21,38,14,43,23,22,91,1,1,9,9,6,4,4,4,4,4,4,4,4,3
687,86,51,99,22,100,0,91,2,29,91,75,83,7,88,2,1,11,1,2,2,4,3,3,1,3,3,1,2
688,3,50,97,8,50,97,1,79,14,95,1,6,1,56,1,5,9,9,7,1,1,1,1,3,3,2,1,5
689,96,80,55,37,25,6,100,55,81,52,50,59,65,75,1,1,11,9,1,2,3,4,4,1,3,2,4,1
690,4,51,50,29,100,67,2,36,2,83,92,100,14,50,1,5,9,9,7,3,3,3,3,3,3,3,2,3
691,99,59,72,55,97,1,53,1,99,55,58,76,81,96,1,3,11,9,1,2,1,2,3,2,1,2,2,3
692,86,100,53,100,67,5,71,0,31,77,48,21,100,52,1,1,8,1,1,5,4,5,5,5,3,5,5,2
693,0,50,50,89,60,75,15,41,40,60,31,51,50,90,1,4,9,9,7,2,3,4,3,3,3,3,3,3
694,13,13,89,100,87,100,2,66,20,98,51,68,57,100,1,3,9,9,7,3,5,5,5,4,5,5,4,4
695,93,93,93,92,32,32,92,21,19,71,37,21,92,77,2,1,9,9,1,5,5,5,5,5,5,5,5,1
696,5,25,100,45,95,95,1,3,1,87,47,67,0,86,1,5,9,2,7,1,3,5,4,3,3,4,1,5
697,76,57,57,82,1,0,60,2,21,53,52,13,20,68,1,1,1,1,2,3,3,5,4,1,2,4,1,3
698,14,50,50,50,50,60,30,86,31,70,50,50,41,80,1,5,4,3,7,5,5,5,5,5,5,5,5,4
699,0,48,60,50,50,95,0,90,0,49,0,50,0,71,1,2,7,9,7,4,4,4,4,5,5,5,2,5
700,1,78,99,81,47,92,1,88,2,100,3,22,45,41,1,5,9,9,7,5,5,5,5,4,4,5,3,4
701,56,81,88,81,100,56,73,100,68,68,95,100,99,70,1,5,4,9,2,4,4,4,4,4,4,4,4,2
702,74,81,41,50,54,66,90,53,37,73,39,42,44,25,1,1,4,9,4,4,4,3,3,3,3,3,3,3
703,70,72,70,71,71,5,77,16,71,66,86,71,71,81,2,1,11,1,3,3,3,3,3,3,3,3,3,3
704,77,90,91,79,100,0,80,0,100,70,95,100,90,100,1,3,7,1,2,5,3,5,5,4,2,5,4,2
705,67,46,68,69,30,68,75,21,19,51,61,93,28,67,1,1,3,2,2,4,4,5,4,4,4,4,4,2
706,94,91,93,89,89,10,81,10,86,71,53,50,70,73,1,1,6,1,2,5,5,5,5,5,5,5,5,2
707,88,51,53,50,47,6,56,47,49,56,52,50,53,32,1,1,11,1,3,4,4,4,4,4,4,4,4,3
708,54,41,51,30,46,3,74,48,50,17,46,8,25,75,2,1,11,9,3,3,3,5,4,1,3,4,1,4
709,1,50,51,35,0,71,0,50,1,50,50,1,3,52,1,5,8,9,7,5,5,5,5,3,5,4,3,3
710,10,100,83,13,80,99,14,84,11,12,89,100,56,11,1,5,9,9,7,1,5,1,1,1,4,3,2,5
711,0,70,80,70,0,50,0,60,0,70,20,0,15,30,1,5,4,2,7,5,5,5,5,4,4,4,3,3
712,31,69,99,98,69,17,75,20,99,78,74,70,70,100,1,3,8,1,5,5,5,5,5,5,5,5,5,4
713,39,51,51,59,53,57,34,52,55,59,53,50,48,64,1,2,6,3,5,5,4,5,5,4,4,5,4,4
714,32,86,86,75,84,10,81,28,99,99,67,76,72,88,1,3,1,9,2,4,4,4,4,3,4,4,3,3
715,30,52,72,91,51,0,91,16,21,45,56,0,32,10,2,1,1,1,5,3,2,2,3,3,3,4,5,3
716,32,65,98,6,8,80,64,52,50,10,15,7,6,70,1,3,9,2,4,1,5,5,3,1,5,4,1,2
717,2,100,99,98,3,3,1,100,52,87,47,1,2,80,1,5,4,9,7,5,5,5,1,3,3,3,1,5
718,75,88,60,94,66,89,47,53,89,51,69,37,54,61,1,1,11,9,4,3,4,5,5,1,2,5,3,1
719,0,60,90,93,0,100,0,86,0,41,0,0,0,71,1,5,9,9,7,1,4,5,2,2,5,5,1,5
720,100,100,70,98,55,35,100,22,64,75,2,37,50,48,1,1,2,9,1,5,5,5,5,5,5,5,5,2
721,3,60,84,68,30,77,4,39,19,67,5,47,10,19,1,5,2,9,7,3,3,3,3,3,3,4,1,3
722,88,81,95,97,44,27,88,41,65,80,43,50,30,69,1,1,2,9,2,4,3,4,3,2,4,3,1,3
723,0,45,99,80,40,100,0,90,15,90,40,50,30,80,1,5,9,9,7,1,3,4,2,2,4,3,1,4
724,2,50,81,97,3,69,1,98,9,81,2,3,29,81,1,5,4,2,7,1,5,5,1,1,5,5,1,5
725,97,45,57,79,42,3,63,18,97,69,14,30,41,72,1,3,1,1,2,1,3,5,2,1,4,3,3,2
726,0,0,100,0,0,100,0,50,0,100,50,0,0,80,1,5,9,9,7,1,5,1,2,1,5,2,1,3
727,54,51,52,91,31,0,53,51,53,50,52,56,51,38,2,5,11,9,4,4,4,5,5,4,4,4,4,3
728,49,93,76,93,97,22,39,71,39,74,95,96,95,96,1,5,4,9,3,5,5,5,5,4,4,4,4,2
729,62,82,72,8,62,1,0,7,92,92,29,68,66,81,2,3,11,9,4,5,5,4,5,4,4,4,4,3
730,97,46,99,98,48,3,100,10,1,49,96,7,1,99,1,1,11,1,2,1,5,5,1,1,5,5,1,4
731,19,50,50,50,47,30,8,67,54,47,41,50,50,50,1,3,7,3,6,4,4,4,5,3,3,3,3,3
732,41,53,98,69,92,0,41,40,54,100,36,90,65,80,1,5,6,9,6,4,5,5,5,4,4,4,4,4
733,26,42,19,25,18,32,25,25,32,23,28,25,31,26,1,1,9,9,1,2,3,2,3,2,1,2,1,5
734,1,2,2,2,1,1,1,1,1,1,1,1,1,1,1,5,11,9,7,5,5,5,5,5,5,5,5,4
735,66,63,92,32,66,98,29,4,45,100,14,53,70,56,2,3,9,2,5,3,5,5,5,3,4,4,4,3
736,45,90,97,71,94,0,95,80,30,30,50,71,51,98,1,1,4,9,6,3,4,5,5,4,5,4,4,5
737,5,89,89,95,50,89,2,95,79,31,50,49,2,71,1,3,4,9,7,2,3,4,4,3,4,3,2,3
738,75,67,35,66,91,0,58,16,66,29,70,75,75,90,1,3,11,1,2,5,4,5,5,4,3,4,4,1
739,89,94,72,80,90,2,85,5,34,71,87,99,100,97,1,1,11,1,2,4,3,5,5,5,3,5,4,3
740,90,90,90,90,90,0,75,0,85,85,90,90,90,90,1,3,11,9,1,5,5,5,5,4,3,4,4,2
741,2,50,51,50,50,17,1,96,10,70,30,50,18,51,1,2,4,9,7,2,3,5,4,2,4,3,1,4
742,100,50,51,50,51,100,100,62,100,55,52,98,99,52,1,1,11,9,4,4,5,5,5,3,3,3,3,3
743,75,41,71,66,50,81,61,10,30,50,53,1,0,61,1,1,9,2,1,3,3,5,5,2,3,3,2,2
744,54,84,81,99,51,76,78,59,44,82,50,87,16,94,1,1,8,1,5,5,4,4,5,4,4,4,1,2
745,15,100,100,100,50,3,19,50,31,90,9,50,80,91,2,5,8,3,6,5,5,5,5,5,5,5,5,3
746,42,40,95,36,21,90,85,36,50,80,61,2,2,30,2,1,9,9,5,5,5,5,5,1,3,3,2,4
747,56,75,75,85,91,1,2,6,100,6,75,90,75,65,1,3,11,3,3,4,4,4,5,4,4,4,4,2
748,50,70,60,90,70,0,50,60,60,65,50,50,50,85,1,3,3,4,5,2,3,4,3,2,3,3,2,2
749,0,41,100,2,50,88,2,2,51,50,51,51,1,51,1,5,9,9,7,1,4,1,4,2,4,3,4,3
750,52,47,83,100,44,41,50,53,51,100,41,51,55,56,1,5,4,9,4,1,3,5,4,2,4,4,3,3
751,75,50,45,55,55,0,40,20,75,48,50,50,70,60,1,3,11,9,2,4,3,5,5,3,3,4,5,3
752,37,50,92,81,71,50,18,78,13,85,40,38,47,88,1,5,8,3,6,2,4,4,3,3,4,4,3,4
753,3,90,100,94,0,6,1,50,60,25,90,5,1,60,2,5,11,9,6,3,4,2,5,2,4,3,3,4
754,12,19,100,17,28,77,81,13,44,80,100,38,1,51,1,1,9,9,6,2,4,4,5,2,3,3,1,3
755,72,35,33,31,88,0,30,0,73,26,2,87,13,100,1,3,11,9,2,5,5,5,5,5,5,5,5,3
756,52,45,44,41,46,64,85,47,55,56,46,52,43,61,1,1,9,9,2,5,5,5,5,5,5,5,3,3
757,94,65,64,58,66,0,63,2,61,70,50,52,56,68,1,1,11,9,1,5,5,5,5,5,5,5,5,3
758,39,51,80,63,19,84,50,44,51,49,50,28,49,51,3,4,9,9,4,3,3,3,3,3,3,3,3,3
759,11,100,100,100,71,1,30,1,50,100,50,46,71,100,1,5,10,1,7,3,3,3,3,3,3,3,3,2
760,72,80,47,80,80,1,73,3,81,67,83,80,80,91,1,3,11,9,2,5,5,5,5,5,5,5,5,2
761,94,72,74,80,80,20,89,5,49,94,82,66,44,84,1,1,11,9,2,5,3,5,5,4,2,4,4,3
762,26,25,33,27,97,63,53,52,45,17,49,69,57,98,1,1,2,1,6,3,3,3,3,1,2,3,1,2
763,20,50,90,51,46,75,0,86,52,99,11,50,46,81,1,3,3,2,7,5,5,5,5,5,5,5,4,4
764,71,48,47,17,4,10,100,50,47,50,29,1,50,31,2,1,11,1,4,3,3,3,3,3,3,1,2,4
765,1,50,50,50,50,39,0,99,1,50,0,44,50,99,1,5,4,9,7,3,4,4,5,3,5,5,3,3
766,100,100,100,100,99,0,51,0,100,1,70,100,99,50,1,3,11,9,1,5,5,5,5,4,4,4,4,3
767,13,49,100,100,99,18,100,33,39,100,71,51,50,100,2,1,1,1,5,5,5,5,5,5,5,5,5,4
768,2,3,69,27,0,84,1,53,4,77,1,1,3,0,1,5,9,9,7,4,4,4,4,3,4,4,1,3
769,89,100,100,100,79,4,100,15,6,100,38,95,59,14,2,1,11,9,4,5,5,5,4,5,5,5,2,2
770,71,65,70,60,54,0,31,0,100,31,61,50,62,100,1,3,10,9,3,5,5,5,5,5,5,5,5,4
771,100,89,3,72,51,2,2,49,49,42,51,3,50,50,1,4,3,9,1,4,5,3,5,3,2,5,5,2
772,99,89,90,75,6,4,100,3,52,52,6,11,85,63,1,1,11,9,1,3,3,3,3,3,3,3,3,2
773,59,51,19,41,50,70,16,41,71,19,49,100,18,97,1,3,9,2,5,5,2,5,4,3,3,5,1,4
774,91,77,87,72,100,83,90,75,85,82,100,100,71,100,1,1,11,1,1,4,5,5,5,2,4,3,4,2
775,16,80,77,74,2,2,19,3,43,59,19,6,16,37,1,5,1,9,3,3,3,3,3,3,3,3,3,3
776,71,70,50,90,51,51,70,51,51,52,100,51,50,60,1,1,9,9,2,5,5,5,5,3,4,4,4,4
777,11,46,83,72,16,78,5,69,16,76,40,3,11,69,1,5,2,9,7,3,4,4,5,3,4,4,3,2
778,44,52,54,60,50,87,18,73,89,40,51,52,51,73,1,3,9,9,5,5,5,5,5,5,5,5,5,3
779,90,66,95,76,90,66,71,37,90,91,20,50,36,80,1,3,6,2,2,4,5,5,4,3,3,3,3,3
780,54,50,50,50,30,31,88,50,51,81,75,0,49,94,2,1,11,1,3,4,4,4,4,4,4,4,4,3
781,0,51,71,41,50,100,1,31,1,100,21,11,7,83,1,5,9,2,7,3,4,3,2,2,4,3,1,5
782,6,4,31,40,1,100,0,38,17,89,5,1,0,94,1,4,9,2,7,2,4,4,2,3,5,3,2,5
783,94,90,90,90,80,21,0,4,100,7,36,50,50,90,1,3,10,3,1,4,4,4,4,4,4,4,4,5
784,86,91,81,90,96,0,75,6,50,71,78,98,90,91,1,1,11,1,2,4,4,4,4,4,4,4,4,2
785,85,75,69,98,52,14,91,63,76,85,70,50,69,99,1,1,5,9,2,5,5,5,5,5,5,5,5,2
786,50,50,50,50,49,56,0,1,49,2,0,46,50,47,1,2,6,2,5,3,3,3,3,3,3,3,3,3
787,49,84,85,94,91,98,89,96,75,89,87,91,83,66,1,1,9,9,3,3,4,3,2,3,4,3,3,3
788,100,99,53,70,10,3,100,3,99,12,73,55,70,87,1,1,3,1,1,5,5,5,5,4,2,4,4,2
789,93,82,19,92,93,2,100,3,88,4,70,64,52,98,1,1,11,9,1,3,4,1,3,3,5,3,3,1
790,52,81,100,73,5,92,63,85,78,89,96,16,44,89,1,4,2,9,6,4,5,4,4,4,5,3,2,4
791,998,100,56,54,100,97,6,16,54,73,25,9,6,56,1,5,9,9,4,5,5,5,5,5,5,5,5,3
792,6,82,96,50,1,60,0,53,20,89,80,1,31,50,1,4,3,2,7,1,3,4,3,3,4,4,3,4
793,72,21,50,31,26,75,66,56,45,69,31,31,5,63,1,1,3,2,2,1,2,2,2,1,2,1,1,3
794,92,59,93,47,62,69,50,39,59,69,78,45,81,53,1,5,1,9,1,3,2,2,3,1,2,2,5,3
795,998,50,50,50,50,50,93,50,50,72,100,50,50,50,1,1,11,9,2,5,5,5,5,5,5,5,5,3
796,2,96,95,95,50,96,0,95,0,95,11,50,70,80,1,5,9,2,7,5,5,5,5,3,4,4,2,4
797,99,50,69,82,100,6,78,52,65,20,84,93,51,62,1,1,11,9,1,5,5,5,5,4,5,5,5,2
798,100,96,99,94,100,0,89,0,94,92,89,91,95,100,1,3,1,9,1,5,5,5,5,5,5,5,5,1
799,100,100,92,59,75,66,100,18,15,100,98,56,6,100,1,1,9,1,1,5,5,5,5,3,4,2,1,1
800,86,84,59,80,99,3,80,21,62,70,49,84,90,94,1,1,5,9,2,3,4,4,5,2,3,3,3,2
801,72,59,55,51,51,2,8,12,50,16,10,50,50,61,1,4,11,4,2,5,4,5,5,3,1,2,3,3
802,5,71,70,5,0,75,0,0,5,1,0,0,6,41,2,5,9,9,5,2,2,3,5,4,4,4,2,4
803,24,50,55,50,26,47,3,59,61,89,9,20,31,85,1,4,5,2,6,3,4,3,3,3,4,4,3,3
804,78,96,86,95,100,1,38,9,91,91,67,97,96,97,1,3,11,9,2,5,5,5,5,5,5,5,5,2
805,78,92,75,90,92,3,61,48,94,40,99,90,90,81,1,3,11,9,2,5,5,5,5,5,4,5,5,2
806,68,50,52,84,67,0,76,11,72,60,100,65,51,95,2,1,11,9,4,4,4,4,4,4,4,4,4,2
807,60,67,75,68,75,8,55,42,97,81,50,46,16,83,1,3,1,9,5,5,5,5,5,4,4,4,4,3
808,51,82,78,87,70,38,49,51,87,71,79,54,72,67,2,3,11,9,4,4,4,4,4,5,5,5,5,3
809,99,97,80,66,94,0,83,54,52,66,75,95,75,71,1,1,11,9,1,3,3,5,5,2,2,3,3,4
810,0,85,79,78,72,71,1,59,1,83,59,66,71,76,1,5,2,9,7,4,4,5,4,5,5,5,5,3
811,19,51,52,50,75,47,11,51,84,24,19,54,27,28,2,3,2,9,6,2,3,3,4,3,3,3,2,2
812,32,49,48,49,52,1,1,3,91,48,16,49,49,80,1,3,7,9,5,5,3,4,5,4,4,5,5,4
813,1,81,100,89,100,100,70,51,50,99,22,100,70,91,1,1,9,9,7,3,5,2,5,3,4,4,4,2
814,99,100,70,100,100,0,99,0,96,51,100,100,100,100,1,1,8,1,1,5,4,5,5,4,4,5,4,2
815,91,100,96,100,100,2,91,25,100,45,89,100,96,88,1,3,6,9,2,5,5,5,5,5,5,5,5,2
816,97,99,59,65,10,39,50,42,56,44,50,8,8,49,1,2,4,9,2,3,3,3,3,3,3,3,3,3
817,100,28,50,34,65,3,73,51,62,67,78,69,48,86,2,1,11,9,1,2,4,4,5,1,3,4,3,2
818,71,70,50,71,100,0,0,0,100,0,1,100,50,100,1,3,11,9,3,3,3,3,5,3,3,3,5,3
819,62,42,65,61,55,0,33,62,53,69,46,32,31,58,1,3,1,9,3,5,5,5,5,4,5,5,5,3
820,4,87,76,57,95,0,39,6,63,91,34,81,84,99,1,1,11,9,6,3,2,2,4,2,3,3,2,2
821,0,90,72,82,49,60,1,60,2,79,3,45,62,53,1,5,2,9,7,3,3,3,3,3,3,3,3,4
822,92,80,80,71,90,22,95,17,80,90,66,84,61,81,1,1,11,1,2,4,4,4,4,4,4,4,4,3
823,72,11,59,47,25,61,11,24,28,51,37,50,16,87,2,5,11,4,4,5,5,5,5,5,5,5,5,4
824,98,40,50,50,50,0,85,50,50,51,51,50,50,50,2,1,4,9,2,5,1,5,5,8,8,8,8,4
825,89,38,31,22,100,4,88,61,43,3,98,97,49,92,1,1,1,9,3,2,3,5,5,2,1,2,3,2
826,18,69,63,69,36,42,4,57,24,96,28,38,48,79,1,3,8,9,7,5,5,5,4,5,5,5,4,2
827,100,22,12,9,10,11,4,10,13,3,5,11,15,17,1,5,11,4,7,3,3,3,3,3,3,3,3,3
828,1,50,50,50,60,40,1,65,45,90,50,50,50,50,1,3,5,3,7,5,5,5,5,3,3,3,3,5
829,100,97,100,96,11,8,99,6,91,80,52,49,90,92,1,1,6,9,1,5,5,5,5,5,5,5,5,1
830,86,84,51,69,50,2,94,24,16,50,50,50,80,59,1,1,11,9,2,5,3,5,4,4,4,5,4,3
831,75,50,91,94,69,36,88,57,57,84,74,59,62,86,2,1,1,9,2,2,3,5,4,3,5,4,3,1
832,68,61,64,63,61,3,57,1,58,70,55,79,65,95,1,2,6,9,3,5,5,5,5,4,4,5,5,1
833,48,89,68,88,89,5,55,2,90,62,91,89,85,74,2,3,11,1,3,5,5,5,5,4,4,4,4,3
834,4,100,100,80,97,10,44,68,59,82,60,81,50,84,1,5,2,9,7,4,4,5,4,5,5,5,4,3
835,98,91,88,87,12,9,97,27,54,5,93,72,58,31,1,1,2,1,1,5,5,5,5,5,5,5,5,4
836,5,80,88,36,49,92,4,55,59,97,31,50,1,40,1,3,9,2,7,5,5,3,5,4,4,4,4,3
837,84,9,67,43,84,4,71,18,82,72,74,73,34,92,1,3,3,9,2,1,4,4,5,1,4,5,2,2
838,6,59,59,74,50,4,5,21,50,87,53,50,54,72,1,5,1,3,7,5,5,5,5,5,5,5,5,4
839,49,49,38,49,54,0,2,2,100,32,52,49,49,50,2,3,11,9,4,5,5,5,5,5,5,5,5,3
840,100,100,56,60,10,0,86,1,52,51,71,50,57,71,1,1,11,9,1,3,3,3,3,3,2,3,3,2
841,63,81,74,69,65,64,76,51,54,74,68,63,11,81,2,1,9,4,4,3,4,2,3,3,3,2,1,2
842,21,71,39,31,29,6,39,51,40,61,34,33,30,30,1,1,9,9,2,1,1,1,1,1,1,1,1,2
843,50,32,51,52,40,59,44,40,52,41,36,61,37,59,2,1,2,9,1,2,2,2,2,2,2,3,3,2
844,100,100,74,50,92,9,998,9,73,28,80,90,40,55,1,1,6,9,4,2,2,3,2,1,2,3,3,3
845,100,98,80,75,50,1,100,4,4,76,90,25,50,90,1,1,11,9,1,5,5,5,5,5,3,4,4,1
846,50,20,74,74,29,10,53,40,26,49,20,78,39,73,3,2,3,1,3,1,4,3,3,5,4,3,3,3
847,100,98,63,100,11,3,37,69,99,98,65,98,95,20,3,1,1,1,1,4,4,5,1,5,3,2,5,1
848,73,80,72,82,91,0,60,29,90,52,51,91,79,95,1,3,7,3,2,4,4,4,4,4,4,4,4,2
849,19,64,97,17,35,60,52,23,33,53,33,36,5,31,2,5,9,9,5,1,1,1,1,1,4,1,1,3
850,35,85,86,71,0,96,18,56,69,95,73,34,51,54,1,5,9,9,6,4,4,4,4,3,3,3,3,4
851,10,17,47,51,60,71,12,46,18,42,11,44,5,69,1,2,6,9,7,2,4,3,3,2,3,2,2,4
852,86,84,74,81,65,3,69,38,74,91,48,64,79,66,1,3,2,9,2,3,2,5,5,3,3,3,3,2
853,80,39,99,30,78,82,27,7,100,60,18,78,0,97,1,3,9,9,2,1,2,1,4,2,4,3,1,3
854,100,90,50,99,95,0,80,0,91,51,95,60,69,70,1,1,11,1,1,4,2,5,5,4,3,5,5,3
855,82,0,0,79,52,0,88,3,2,2,49,5,0,2,3,1,11,9,4,1,1,4,2,1,2,3,1,2
856,65,75,63,64,90,0,50,36,77,46,63,85,58,70,2,3,11,9,3,5,5,5,5,5,5,5,5,3
857,88,50,50,50,50,4,50,2,88,70,50,51,30,30,1,3,9,3,2,1,3,3,1,1,3,2,1,3
858,2,51,50,51,50,100,3,84,2,99,52,22,21,51,1,5,9,9,7,4,5,5,5,3,5,4,4,5
859,89,91,87,50,78,0,56,998,57,41,52,52,77,98,1,4,10,1,2,5,5,5,5,5,5,5,5,4
860,91,53,46,53,54,3,84,8,97,41,82,54,56,65,1,3,11,9,2,5,5,5,5,5,5,5,5,2
861,92,93,50,51,50,5,100,9,51,31,50,14,32,85,1,1,11,1,1,3,3,3,3,3,3,3,3,3
862,97,95,90,89,85,55,88,6,97,91,80,73,91,86,1,3,7,9,2,5,3,5,5,4,3,4,4,2
863,75,74,73,75,79,3,47,4,88,67,97,73,76,97,2,3,11,9,2,5,5,5,5,5,5,5,5,3
864,96,100,100,100,98,6,92,50,90,78,49,99,88,90,1,3,11,9,2,5,5,5,5,4,4,4,4,4
865,70,90,89,79,61,50,61,43,50,70,61,50,49,90,1,5,11,9,3,5,5,5,5,5,5,5,5,3
866,21,60,78,77,39,8,36,51,50,78,31,18,44,87,2,5,2,9,7,5,5,5,5,4,4,4,4,5
867,25,13,85,11,53,60,49,6,26,1,67,44,4,73,2,1,9,9,6,1,5,2,3,1,5,1,1,4
868,74,82,68,80,92,1,4,15,56,68,99,91,92,94,1,5,8,1,3,4,3,5,5,4,3,5,4,2
869,3,58,89,66,90,78,13,0,57,78,21,90,65,91,1,4,9,2,6,3,3,4,5,3,3,3,3,3
870,26,85,85,85,85,5,5,25,80,45,75,30,30,90,1,3,7,9,6,5,5,5,5,3,4,4,3,3
871,59,17,22,40,43,2,36,35,34,42,24,32,24,38,2,1,11,1,3,2,1,3,2,3,2,3,2,3
872,55,55,95,41,51,65,31,65,54,56,6,31,41,81,2,5,1,4,3,2,1,4,3,1,4,3,2,2
873,90,90,89,91,88,0,62,30,100,94,93,94,85,90,1,3,11,1,2,5,5,5,5,5,5,5,5,2
874,100,61,41,16,100,0,70,53,50,55,51,85,4,97,1,1,11,1,1,4,4,4,4,2,2,1,1,3
875,2,75,50,74,26,93,0,75,13,64,14,15,30,71,1,5,9,9,7,4,5,4,4,4,5,5,3,3
876,31,41,41,39,94,0,6,8,100,35,40,91,27,85,1,3,11,3,6,2,3,4,5,2,2,3,1,3
877,85,100,99,100,100,2,89,6,90,50,91,100,100,99,1,1,6,1,2,5,5,5,5,5,5,5,5,3
878,15,85,85,76,71,21,44,57,25,85,60,50,40,89,1,5,4,4,6,5,5,5,5,4,5,5,4,4
879,53,54,56,54,54,74,19,54,61,90,53,52,54,53,1,3,7,9,4,5,3,5,5,4,4,4,4,3
880,97,89,51,90,96,0,85,10,83,39,98,93,87,96,1,1,6,9,2,5,5,5,5,5,5,5,5,2
881,57,88,61,97,88,0,70,3,52,69,68,92,70,89,1,2,6,1,5,3,3,4,3,3,4,4,4,4
882,60,49,72,42,100,2,61,20,78,63,100,21,2,61,1,3,5,9,3,3,3,3,3,3,3,3,3,3
883,97,92,91,100,100,0,88,0,80,87,100,100,94,100,1,1,1,9,2,5,4,5,5,4,3,4,4,2
884,93,77,62,71,84,1,64,6,90,23,91,87,73,79,1,3,11,1,2,4,3,4,4,4,3,4,4,2
885,5,99,91,94,99,99,1,0,100,98,50,98,48,51,1,3,9,2,7,2,5,5,5,3,3,3,3,3
886,1,11,95,66,50,100,6,1,81,86,31,50,1,70,1,3,9,9,7,1,4,3,2,1,5,2,1,5
887,52,61,59,60,50,41,30,21,998,55,52,51,41,65,2,5,9,2,7,4,4,5,4,5,5,5,5,3
888,30,40,70,41,50,55,46,30,46,60,50,50,36,50,1,1,9,2,6,2,4,3,4,1,3,2,3,4
889,0,81,85,81,50,100,0,50,41,100,50,0,35,80,1,3,9,2,7,4,4,4,4,3,4,4,3,3
890,89,45,89,72,87,20,60,5,66,56,30,50,36,100,1,1,6,9,2,5,5,5,5,4,4,5,3,2
891,90,91,73,95,94,4,75,2,95,86,86,94,88,99,1,3,10,9,2,4,3,4,4,3,3,3,3,3
892,99,79,100,99,3,3,98,1,100,98,30,2,38,30,1,1,1,1,1,2,5,5,2,1,3,2,1,1
893,90,89,90,86,90,26,31,20,100,65,60,86,64,80,1,3,6,9,3,5,5,5,5,5,5,5,5,3
894,1,60,99,61,50,71,0,60,4,99,16,17,4,69,1,5,9,9,7,3,4,3,3,2,4,3,1,4
895,4,59,66,84,52,84,0,39,52,59,17,51,43,55,1,3,5,2,7,2,3,3,3,2,4,3,3,4
896,84,56,50,50,64,6,70,11,97,81,50,76,56,69,1,3,1,9,2,4,1,4,4,3,2,4,3,1
897,86,64,81,67,75,0,27,0,100,100,80,49,73,100,1,3,6,9,2,3,3,5,5,3,2,4,3,4
898,3,50,50,50,50,80,17,91,5,89,31,50,45,66,1,2,8,2,7,3,4,3,5,3,5,5,2,3
899,95,68,69,63,52,1,73,44,71,66,50,53,50,76,1,2,8,9,1,4,5,5,5,5,5,5,5,2
900,86,75,50,50,50,31,70,16,91,50,50,51,65,85,1,3,11,9,2,2,2,2,2,2,2,2,2,2
901,82,71,52,63,82,1,41,3,100,59,74,69,59,85,1,3,7,9,2,3,3,5,5,4,3,4,4,3
902,72,50,50,50,50,18,19,16,85,21,30,50,50,99,1,3,1,9,3,5,5,5,5,5,5,5,5,1
903,100,100,97,93,3,72,1,100,1,63,1,3,8,56,1,5,4,9,7,1,1,1,1,1,1,1,1,3
904,76,96,52,100,94,1,70,2,98,4,94,94,89,90,1,3,11,9,2,4,4,4,4,4,2,4,4,3
905,21,99,99,100,100,100,51,6,3,61,51,99,52,72,2,5,9,9,4,3,3,3,3,3,3,3,3,5
906,46,79,82,78,85,5,61,1,59,50,71,79,85,75,2,5,11,4,1,4,4,4,4,4,4,4,4,1
907,1,50,50,50,42,75,11,70,15,99,42,40,31,85,1,2,3,9,7,4,5,5,5,4,5,5,3,3
908,64,100,100,100,100,0,84,50,51,52,100,100,50,100,2,1,11,9,3,5,5,5,5,5,5,5,5,3
909,4,50,51,50,51,72,3,90,30,59,1,10,53,50,1,5,4,2,7,2,2,2,3,3,3,3,3,4
910,87,84,0,50,100,0,15,22,100,51,51,98,31,89,2,3,11,9,2,3,4,3,5,3,3,3,3,2
911,39,71,70,62,71,70,20,998,90,90,63,71,70,76,2,3,9,9,6,2,2,2,2,2,2,2,2,4
912,96,100,100,100,20,40,99,10,96,90,51,16,99,100,1,1,6,1,2,5,5,5,5,5,5,5,5,4
913,1,70,60,30,12,94,2,91,19,90,4,2,2,54,1,4,4,9,7,3,3,3,3,3,3,3,1,4
914,63,60,71,38,67,28,13,67,99,38,88,41,34,72,1,2,4,2,4,2,2,3,4,2,3,3,2,2
915,54,9,66,27,20,92,47,9,22,75,23,7,3,65,1,5,9,9,5,2,4,3,2,2,5,3,1,4
916,5,80,99,51,51,41,12,72,3,96,78,50,53,87,1,2,5,2,7,4,5,5,5,3,5,5,4,4
917,22,50,51,50,49,90,9,50,52,100,12,56,51,50,1,5,9,9,4,4,4,4,4,2,4,4,3,3
918,64,100,100,100,88,0,51,12,100,30,100,100,53,100,1,3,1,9,3,4,4,5,5,4,3,5,5,3
919,2,53,50,53,56,45,1,97,29,99,1,48,0,91,1,5,4,9,7,3,3,4,3,4,5,5,3,5
920,100,100,50,50,98,0,94,1,90,30,88,99,50,50,2,3,11,9,1,5,2,5,5,5,3,5,3,3
921,31,49,71,65,22,6,9,58,77,56,21,40,16,68,1,3,4,9,5,1,1,3,3,1,1,3,3,4
922,3,69,83,78,61,67,1,95,54,88,15,59,51,42,1,3,4,9,7,4,5,5,4,4,5,5,3,5
923,72,37,8,22,44,2,13,4,26,12,29,25,18,19,1,3,9,9,2,4,4,5,5,4,2,4,4,3
924,86,71,81,87,56,0,42,42,100,100,40,66,70,96,1,3,11,9,1,4,5,5,5,4,4,5,4,1
925,72,73,42,31,19,12,89,68,68,50,57,31,26,53,3,1,4,9,3,4,4,4,4,3,3,3,4,3
926,94,52,50,52,51,0,38,51,87,27,51,52,53,75,1,3,11,9,2,5,5,5,5,5,5,5,5,3
927,100,100,49,10,76,1,77,2,99,3,51,79,78,92,1,2,11,9,1,5,3,5,5,4,1,2,4,1
928,0,58,61,67,12,84,0,83,26,92,46,33,20,69,1,3,9,9,7,2,4,5,4,2,5,4,1,3
929,79,66,64,60,16,93,38,88,39,55,5,9,27,81,1,2,9,2,4,2,4,3,1,3,4,3,1,2
930,88,81,86,100,22,9,100,70,43,99,100,49,10,50,1,1,4,9,2,4,4,4,4,4,4,4,1,2
931,98,96,49,2,98,5,55,5,87,6,12,50,71,80,1,5,11,9,2,5,5,5,5,4,1,4,3,3
932,44,68,60,998,998,3,61,25,71,65,998,998,998,45,3,3,1,1,5,4,4,5,5,5,5,5,5,3
933,68,77,41,81,94,3,55,41,64,78,84,95,76,94,1,3,11,9,3,5,5,5,5,5,5,5,5,5
934,100,100,65,97,69,0,100,10,11,5,45,36,53,5,1,1,11,9,1,5,5,5,5,5,5,5,5,5
935,83,39,41,58,0,0,0,1,100,27,21,61,41,60,2,3,11,4,4,5,5,5,5,4,4,4,4,3
936,0,50,89,61,50,90,0,50,31,90,50,3,15,61,1,5,9,2,7,4,4,4,4,3,3,3,2,3
937,55,50,50,50,50,5,10,0,90,30,48,55,50,90,1,3,8,1,3,4,4,5,5,5,5,5,5,3
938,1,80,85,85,15,95,30,90,15,100,10,1,1,70,1,2,9,2,7,4,5,5,5,4,5,5,1,3
939,88,50,36,64,73,3,15,55,94,41,67,91,51,62,2,5,11,4,2,4,2,3,5,1,3,2,1,3
940,1,100,98,50,1,51,1,76,71,99,1,1,50,75,1,3,2,9,7,5,5,5,5,5,5,5,5,4
941,41,65,28,19,99,48,6,19,19,39,47,29,20,85,1,5,11,4,4,2,5,1,3,3,3,3,3,4
942,31,60,78,71,50,71,22,85,71,31,51,51,17,92,1,3,4,2,5,4,5,4,4,3,4,4,3,2
943,54,64,82,84,77,40,90,68,57,29,76,44,60,88,2,5,10,3,3,8,8,2,4,8,3,8,4,3
944,39,25,63,3,5,94,39,27,21,43,38,7,2,91,1,1,9,2,1,3,2,4,5,2,2,3,5,3
945,99,50,52,51,61,66,71,41,73,48,68,61,62,68,1,1,9,9,2,5,5,5,5,5,5,5,5,3
946,80,40,100,34,88,17,46,51,82,98,91,69,1,63,1,3,11,1,2,2,4,4,3,1,4,3,1,3
947,64,62,50,66,50,9,84,25,39,44,50,50,50,62,1,1,11,1,3,5,5,5,5,5,5,5,5,3
948,2,53,49,7,43,62,2,14,8,8,3,48,1,83,3,4,5,2,4,1,1,1,1,1,1,1,1,3
949,0,100,0,100,100,100,0,0,60,0,100,100,2,1,1,4,2,2,7,1,1,1,1,4,4,5,1,5
950,2,44,89,36,16,1,2,91,3,100,38,6,8,16,1,5,8,9,7,2,5,5,2,1,5,2,1,4
951,94,100,47,100,100,0,81,1,100,79,100,100,100,100,1,3,7,9,2,5,5,5,5,4,4,4,4,1
952,83,96,98,83,100,50,11,77,98,96,38,96,85,94,1,3,9,9,3,4,3,4,5,2,4,3,4,1
953,10,47,91,66,8,98,5,68,1,97,45,8,3,54,1,4,9,9,7,1,5,5,2,2,5,5,1,3
954,100,95,47,90,100,0,70,998,100,46,100,100,91,100,1,3,11,9,1,5,3,5,5,5,2,5,5,1
955,76,58,59,99,94,2,60,3,99,59,58,87,50,100,1,3,7,9,1,2,4,5,5,2,3,3,2,3
956,96,77,74,78,78,0,63,40,97,21,77,88,76,91,2,3,11,9,2,2,3,5,4,4,4,5,5,4
957,19,50,50,50,100,60,0,52,60,11,11,100,51,95,1,3,9,9,6,5,5,5,5,5,5,5,5,5
958,44,93,87,90,100,4,32,3,57,91,17,66,97,88,1,3,6,9,3,4,4,4,4,4,4,4,4,4
959,69,89,95,95,99,3,50,53,57,99,95,98,100,100,2,3,2,9,3,4,3,5,5,4,4,5,5,3
960,59,56,52,52,63,39,54,52,53,48,63,72,50,56,1,5,11,9,4,5,5,5,5,3,3,3,3,3
961,32,55,69,55,52,51,50,51,74,68,61,51,51,53,1,3,9,9,3,5,5,5,5,4,4,5,5,2
962,38,100,5,100,5,2,1,5,31,100,3,49,4,10,3,1,10,1,3,4,3,4,3,1,3,1,3,4
963,89,71,89,99,98,0,90,6,99,50,5,98,70,100,1,3,11,9,2,2,2,4,4,3,3,3,3,5
964,80,34,71,98,22,0,100,90,75,57,97,51,68,65,2,5,11,9,4,3,3,1,2,2,2,4,1,3
965,52,52,75,67,52,3,59,34,49,64,31,37,61,91,1,1,6,9,4,4,4,5,5,4,5,5,4,2
966,50,83,52,66,89,90,89,35,41,100,6,16,13,53,3,5,11,4,7,5,5,5,3,5,5,5,1,2
967,66,68,56,67,99,3,50,25,100,50,79,87,82,94,1,3,11,1,2,5,5,5,5,4,3,4,5,2
968,89,100,40,100,100,0,30,0,95,0,95,100,100,96,1,3,11,1,3,5,1,5,5,5,1,5,5,2
969,66,100,21,100,100,1,40,1,70,29,100,100,100,100,1,3,11,1,2,4,4,4,4,4,4,4,4,3
970,68,86,78,66,100,14,60,40,81,29,89,88,79,92,1,3,8,9,3,5,5,5,5,5,5,5,5,2
971,71,97,89,94,89,1,45,24,58,90,94,91,96,87,1,3,8,1,2,5,4,5,5,4,4,4,4,3
972,51,70,92,72,68,36,41,51,63,53,28,89,53,43,2,3,11,9,4,3,4,4,3,3,3,4,3,2
973,90,79,95,88,98,50,94,75,84,94,83,90,93,100,1,1,3,9,2,5,5,5,5,5,5,5,5,2
974,93,75,75,79,81,21,81,18,71,63,70,82,82,100,1,1,8,9,2,3,3,5,5,3,3,5,5,2
975,78,99,51,100,100,7,71,0,100,0,99,100,88,92,1,3,7,9,2,5,2,5,5,4,1,4,3,2
976,90,92,52,100,100,0,59,1,100,58,97,100,92,88,1,3,11,9,2,3,4,3,4,4,1,4,3,1
977,78,64,78,70,41,75,72,66,64,75,77,57,41,84,1,1,8,1,2,4,2,3,4,4,2,3,5,2
978,0,59,62,39,41,95,2,41,0,86,41,51,51,41,1,2,6,9,7,3,5,3,4,3,4,4,2,5
979,32,100,100,84,99,2,1,3,87,75,97,85,52,51,1,3,10,3,6,5,5,5,5,5,5,5,5,5
980,85,99,16,100,100,0,0,0,100,5,90,100,100,100,1,3,7,2,2,5,5,5,5,5,4,5,5,3
981,72,63,69,73,83,1,1,1,100,65,95,65,65,98,1,3,11,3,2,2,1,5,5,2,1,4,4,3
982,97,98,55,51,52,3,97,1,0,0,52,53,0,50,2,1,11,9,2,5,5,5,3,4,1,4,2,1
983,4,50,100,50,7,94,0,95,0,84,8,1,0,21,1,5,9,9,7,5,5,5,1,4,4,4,1,5
984,0,50,50,50,30,66,6,90,0,70,10,41,10,90,1,5,4,9,7,4,4,5,5,4,4,4,1,4
985,32,86,99,48,69,99,4,2,4,100,75,78,1,94,2,5,9,4,4,1,4,4,3,2,4,2,2,4
986,10,83,100,48,89,98,3,62,25,11,47,75,1,73,1,2,9,2,7,1,4,3,2,2,5,4,1,5
987,3,84,83,90,79,98,1,69,0,100,17,9,1,93,1,5,9,2,7,5,4,5,3,5,5,5,3,4
988,76,75,62,91,81,0,31,10,100,16,68,62,39,99,1,3,11,3,3,4,3,4,5,4,4,4,3,4
989,6,100,100,100,50,48,1,998,998,89,22,31,41,80,1,5,11,2,6,3,4,3,4,4,4,4,2,5
990,56,51,50,53,54,7,6,52,58,60,50,53,50,83,3,3,8,4,4,3,3,3,3,5,5,5,5,3
991,1,98,100,100,3,1,2,94,15,49,2,1,81,71,1,5,8,9,7,5,5,5,5,5,5,5,5,4
992,79,91,76,92,97,0,72,0,56,63,97,100,91,85,1,1,6,9,2,5,5,5,5,5,5,5,5,2
993,14,88,99,95,99,95,22,88,53,84,31,99,68,99,1,5,9,2,5,5,5,5,5,5,5,5,4,3
994,70,71,100,70,91,17,100,77,48,93,50,34,41,89,1,1,11,1,1,2,2,2,2,2,2,2,2,2
995,94,78,81,98,51,3,99,54,41,79,40,62,56,59,1,1,4,9,1,3,3,2,4,3,3,1,4,3
996,56,90,80,81,44,62,59,20,17,54,30,19,8,80,1,5,9,2,4,5,5,5,2,4,4,4,1,3
997,98,79,29,50,59,5,71,14,20,56,90,71,54,64,1,1,11,1,1,4,4,2,4,5,5,5,1,2
998,34,70,91,69,63,41,21,25,33,71,62,60,57,62,2,5,11,9,6,3,3,3,3,3,3,3,3,3
999,100,100,50,100,100,63,99,52,28,50,86,100,91,49,1,1,9,9,1,5,5,5,5,5,5,5,5,1
1000,100,100,100,100,60,0,89,0,61,100,100,66,100,100,1,1,11,1,1,5,5,5,5,5,5,5,5,1
1001,2,10,98,8,4,49,9,22,29,5,13,6,5,78,1,3,1,2,7,3,4,3,3,5,1,5,5,3
1002,25,91,89,88,43,72,12,97,19,88,58,53,57,100,1,5,4,9,7,4,5,4,5,4,4,5,4,5
1003,15,85,85,40,0,72,14,61,32,71,2,0,3,63,1,3,9,9,6,3,3,3,3,4,4,4,3,3
1004,8,15,88,11,3,100,3,72,23,53,19,2,3,75,1,3,9,9,7,2,3,4,5,1,3,2,1,3
1005,86,68,66,87,3,1,87,27,48,74,14,6,15,60,2,1,8,9,3,3,4,5,3,3,3,5,2,3
1006,6,68,99,66,49,56,19,56,41,72,44,20,51,49,1,3,4,9,7,4,4,4,4,2,3,3,2,4
1007,36,18,100,21,100,26,58,45,33,100,24,100,12,45,1,5,6,9,7,1,1,5,5,5,1,5,5,3
1008,25,91,50,90,46,31,1,2,90,41,1,50,9,100,1,3,7,9,6,3,3,5,5,2,2,2,2,3
1009,100,100,100,100,85,6,95,7,61,95,50,50,75,95,1,1,6,1,1,5,5,5,5,5,4,4,5,2
1010,87,98,70,78,100,1,69,4,93,92,100,98,98,89,1,3,1,1,2,5,5,5,5,5,5,5,5,3
1011,87,92,91,97,99,10,100,64,998,73,47,84,99,85,1,1,11,1,2,4,2,5,3,5,5,5,5,4
1012,94,40,50,91,36,38,43,58,49,87,34,50,46,81,1,5,4,9,2,4,5,4,5,2,5,3,4,2
1013,80,52,53,53,54,3,55,0,90,63,60,51,60,64,1,3,11,9,2,4,5,5,5,5,5,5,5,3
1014,75,100,97,100,100,3,30,3,100,56,100,100,100,100,1,3,11,9,3,5,5,5,5,5,5,5,5,2
1015,42,76,75,72,79,7,38,43,93,72,77,79,81,88,1,3,3,9,5,5,5,5,5,5,5,5,5,3
1016,8,39,100,38,47,81,16,25,42,45,74,63,14,34,1,1,1,9,7,1,5,1,1,1,5,1,1,5
1017,2,50,50,41,50,100,0,61,60,100,13,44,30,51,1,3,9,9,7,4,4,4,4,3,4,5,3,3
1018,9,19,93,38,9,13,97,10,9,62,8,17,66,65,3,1,11,9,4,1,5,5,5,1,4,4,3,4
1019,89,58,37,77,1,80,60,15,50,89,16,3,31,71,1,1,2,9,2,5,5,5,5,4,2,3,3,3
1020,87,50,50,50,50,0,56,2,90,59,90,50,50,81,1,3,7,9,2,5,5,5,5,5,5,5,5,3
1021,3,41,88,50,100,55,6,50,56,100,50,100,45,81,3,3,11,4,7,3,3,4,5,2,3,3,2,3
1022,74,94,79,53,79,3,77,4,10,39,67,26,5,32,1,1,11,1,3,2,2,3,5,2,2,3,5,5
1023,22,72,72,71,100,61,12,47,79,80,55,84,8,89,1,3,11,9,6,4,4,4,3,3,3,3,3,3
1024,40,58,35,4,53,6,34,97,12,33,79,6,6,35,1,3,6,4,7,4,4,4,4,3,3,3,1,4
1025,100,72,74,93,51,20,99,91,54,49,69,64,80,78,2,1,4,1,2,3,3,2,2,1,4,3,4,3
1026,0,99,100,19,100,100,1,7,998,100,21,51,1,100,1,3,9,9,7,5,5,5,5,3,4,2,1,4
1027,84,44,78,98,72,2,63,90,47,100,6,70,4,93,2,1,11,9,3,1,3,5,4,2,3,3,1,2
1028,73,85,85,66,70,88,60,70,50,66,40,60,61,65,1,1,9,2,2,3,2,3,4,3,2,3,4,3
1029,50,100,100,1,51,0,31,0,0,40,10,0,5,48,2,1,11,1,4,4,4,3,3,2,2,5,5,3
1030,80,70,60,85,95,0,66,10,100,40,81,100,65,100,1,3,6,1,2,5,4,5,5,5,5,5,5,2
1031,86,90,90,90,100,0,70,31,100,40,79,100,90,82,1,3,11,9,2,4,4,4,4,4,4,4,4,2
1032,60,51,51,50,69,17,49,51,50,63,50,49,31,54,2,5,11,4,3,5,3,5,5,4,4,4,4,2
1033,55,90,99,50,99,41,76,50,50,96,71,90,51,100,1,2,2,9,5,5,5,5,5,5,5,5,5,3
1034,60,50,58,92,69,25,48,56,30,57,62,42,38,45,1,1,4,9,4,5,5,5,5,5,5,5,5,4
1035,12,51,50,53,50,91,1,78,43,51,40,51,40,31,1,5,9,9,7,4,4,5,4,4,4,4,4,4
1036,4,49,88,60,54,97,6,63,7,93,22,36,22,69,1,2,9,9,7,2,5,5,4,3,5,5,3,4
1037,85,78,47,83,50,2,76,48,50,74,47,4,18,50,2,1,1,1,4,4,1,5,3,3,2,3,2,3
1038,31,97,91,97,93,2,0,50,62,89,51,92,68,52,1,3,6,4,6,5,5,5,5,3,3,3,3,2
1039,2,63,71,100,94,100,6,7,3,98,5,96,8,52,1,4,9,9,7,3,4,2,4,3,3,4,3,5
1040,41,100,85,100,1,1,30,50,96,50,40,1,80,70,1,3,11,1,5,5,5,5,5,3,3,3,3,3
1041,42,50,50,50,50,4,3,0,100,41,46,50,50,89,1,3,6,3,6,3,3,3,3,1,1,1,1,3
1042,96,70,60,69,80,3,89,2,60,48,78,78,82,97,1,1,1,9,1,5,5,5,5,5,5,5,5,2
1043,72,72,85,77,94,72,75,78,85,87,72,82,77,92,1,1,4,9,1,1,2,2,2,1,1,2,2,1
1044,75,47,84,54,44,57,75,44,66,65,50,44,45,92,1,3,1,1,2,3,5,3,4,3,4,3,3,3
1045,51,80,80,80,0,90,56,46,50,80,41,0,41,60,1,1,9,9,5,5,5,5,5,4,4,4,3,3
1046,99,83,98,96,89,1,99,38,97,84,76,75,64,94,1,1,7,1,1,3,5,5,3,2,3,3,1,2
1047,4,46,60,90,31,60,41,50,46,90,10,11,89,86,2,5,9,2,7,1,2,5,2,4,4,4,4,2
1048,100,50,50,37,63,59,28,44,52,40,42,41,15,72,1,5,9,2,1,3,4,5,2,2,2,5,1,2
1049,99,99,40,99,53,1,20,2,79,41,50,49,52,100,1,3,10,9,1,3,2,5,5,5,2,5,5,3
1050,27,56,84,51,54,89,41,51,19,84,30,52,43,87,1,5,9,9,4,3,3,5,5,3,3,3,5,3
1051,71,90,87,87,87,0,67,0,96,16,86,87,86,95,1,3,11,9,2,5,5,5,5,5,5,5,5,3
1052,100,90,40,60,95,1,89,1,100,40,99,90,89,80,1,3,11,1,1,5,4,5,5,2,2,2,4,1
1053,91,82,98,86,99,0,22,11,92,30,98,98,58,53,1,3,10,9,2,4,3,4,4,4,4,4,4,3
1054,3,100,31,100,100,0,0,0,100,73,25,100,100,100,1,3,11,9,5,5,2,5,5,5,2,5,5,2
1055,5,46,99,30,2,53,0,33,40,74,32,2,0,75,1,5,1,2,7,2,5,2,1,1,5,1,1,5
1056,44,66,73,71,51,32,40,66,55,89,56,29,60,89,1,5,4,4,5,4,4,5,5,4,5,5,5,4
1057,0,46,66,62,64,2,13,57,55,53,44,58,998,67,1,3,8,2,7,3,4,5,3,3,4,4,2,4
1058,1,4,16,15,0,100,1,14,8,31,0,0,1,57,3,5,9,2,7,1,4,4,1,1,3,3,1,4
1059,21,90,100,85,100,35,0,50,50,31,36,90,70,50,2,5,7,3,7,5,5,5,5,4,4,4,4,5
1060,62,72,72,71,69,10,15,56,93,66,69,59,50,72,2,3,4,9,3,3,3,5,5,5,5,5,3,4
1061,100,100,50,100,100,1,69,41,100,31,100,100,100,100,1,3,4,1,1,5,1,5,5,4,1,4,4,1
1062,54,99,90,95,91,99,100,97,96,99,91,83,94,100,1,3,9,9,2,5,5,5,5,5,5,5,5,3
1063,58,51,53,32,49,3,56,16,16,76,50,53,23,86,2,5,11,9,3,3,4,5,5,3,4,4,3,2
1064,20,94,99,89,50,100,8,67,50,100,34,56,82,84,1,3,9,9,6,4,4,4,4,8,8,8,8,4
1065,44,85,80,86,96,0,55,50,81,95,50,85,29,71,1,3,2,9,4,4,4,4,4,4,4,4,4,4
1066,100,80,82,86,100,998,36,998,100,43,88,100,100,97,1,3,11,3,1,4,4,5,5,3,3,3,4,5
1067,30,72,62,52,78,59,19,44,40,87,66,73,60,73,2,3,1,2,6,4,4,4,5,4,5,5,4,2
1068,98,99,25,1,0,2,100,11,5,3,99,6,5,99,1,1,11,9,1,3,1,3,2,2,1,1,1,3
1069,85,80,76,72,94,0,30,50,91,89,78,85,40,85,1,3,1,9,2,3,3,4,3,2,2,3,3,2
1070,88,97,96,99,2,36,80,64,33,94,54,82,86,95,1,1,2,9,2,1,1,1,1,1,1,1,1,1
1071,14,33,94,9,1,96,2,90,35,68,13,3,7,66,1,3,9,2,7,2,4,1,3,2,4,3,1,5
1072,50,50,48,52,99,51,50,50,52,50,53,51,50,48,2,5,11,9,4,3,3,3,3,3,3,3,3,3
1073,0,69,69,50,61,0,0,84,9,76,31,31,31,61,1,5,2,2,7,4,4,5,5,3,3,4,3,3
1074,34,50,51,50,50,17,5,69,60,70,41,50,42,52,1,5,6,3,6,5,5,5,5,3,3,3,3,3
1075,10,50,50,66,50,40,0,70,0,85,31,31,30,50,1,5,2,2,7,5,5,5,5,5,5,5,3,5
1076,1,65,74,24,12,74,1,20,21,61,12,49,1,20,1,5,9,2,7,4,4,5,5,3,5,3,1,5
1077,47,50,50,50,50,41,47,50,54,50,47,50,46,61,1,3,3,9,5,5,5,5,5,5,5,5,5,2
1078,63,63,61,56,100,0,60,0,100,53,72,99,59,100,1,3,11,9,3,5,5,5,5,5,5,5,5,3
1079,0,86,87,0,0,91,0,50,50,50,50,0,0,72,1,5,9,2,7,3,3,1,1,3,4,1,1,5
1080,41,84,94,71,99,28,51,31,57,86,45,94,38,71,2,5,11,4,4,3,4,3,3,3,3,3,2,4
1081,60,54,57,55,55,56,65,47,55,67,42,60,59,38,3,1,10,9,3,2,2,2,2,3,3,3,3,2
1082,90,85,85,85,85,0,79,15,95,30,75,85,85,90,1,3,3,9,1,5,5,5,5,4,3,3,4,2
1083,20,66,100,77,60,100,59,31,49,90,51,62,28,78,1,3,9,9,6,1,4,5,4,2,4,4,2,4
1084,30,100,100,100,67,40,2,50,40,100,2,51,50,100,1,3,3,4,6,5,5,5,5,5,5,5,5,4
1085,17,82,42,79,70,72,31,54,57,54,70,97,67,42,2,1,9,9,6,2,3,3,2,2,3,2,2,4
1086,0,100,100,100,50,84,0,70,40,75,40,0,88,95,2,3,9,9,7,3,3,5,5,1,1,1,1,3
1087,81,51,50,51,50,17,40,3,98,8,27,44,22,99,2,3,6,9,2,3,3,3,3,2,2,2,2,3
1088,84,100,63,100,100,10,72,25,88,54,98,100,100,98,1,3,11,9,2,5,5,5,5,5,5,5,5,2
1089,70,30,70,45,25,12,76,25,39,56,65,20,10,56,1,1,11,9,3,5,4,5,5,3,4,4,3,3
1090,69,4,51,29,3,3,73,19,12,51,10,29,70,80,2,1,10,1,2,3,3,3,3,4,3,5,3,4
1091,87,76,65,99,94,90,99,86,85,90,85,92,95,20,1,1,9,2,1,2,2,2,2,2,2,2,2,3
1092,100,89,88,100,99,91,90,48,43,100,70,99,80,100,2,1,8,1,2,4,5,5,5,4,5,4,5,2
1093,73,61,50,74,60,100,70,22,40,60,71,62,30,60,2,1,9,2,2,3,3,3,2,2,3,3,2,2
1094,92,89,36,87,73,0,26,50,100,32,91,76,85,59,1,3,11,1,2,5,1,5,5,4,2,3,5,2
1095,100,90,70,86,60,7,100,9,76,80,60,41,11,100,1,1,8,1,1,1,1,1,3,3,3,3,1,1
1096,60,81,99,50,22,75,55,51,50,60,70,16,3,85,1,3,9,9,3,2,3,4,4,3,3,3,3,2
1097,75,91,94,96,53,62,24,2,96,77,72,43,31,98,1,3,9,2,3,5,5,5,5,5,5,5,5,3
1098,0,53,87,53,0,0,0,66,998,85,10,0,2,58,1,5,7,9,7,3,3,3,4,4,4,4,1,4
1099,100,86,86,69,69,7,99,49,52,100,72,52,81,68,2,1,1,9,2,5,5,5,5,5,5,5,5,1
1100,77,57,47,59,89,51,52,60,46,55,43,47,53,47,1,1,9,9,3,2,4,1,3,2,1,1,3,5
1101,53,72,69,57,49,6,72,28,57,78,94,52,27,98,2,1,2,9,2,4,4,4,5,4,4,4,3,2
1102,6,7,7,70,6,76,16,32,4,81,49,3,4,3,2,5,8,9,3,1,3,2,2,1,3,2,1,3
1103,99,4,50,67,52,4,100,9,51,70,99,49,4,64,2,1,11,4,1,1,4,3,3,1,3,3,1,1
1104,1,91,100,84,16,97,21,88,5,100,93,9,19,100,1,5,9,2,7,1,4,5,4,1,3,3,1,5
1105,3,69,91,50,53,66,1,77,3,72,4,18,47,71,1,4,8,9,7,4,4,4,4,5,5,4,4,4
1106,90,64,73,93,52,4,66,51,51,89,73,39,64,80,1,1,2,1,2,4,4,5,5,4,4,4,4,2
1107,38,53,52,51,97,45,64,21,49,100,99,99,55,70,1,1,11,9,5,5,5,5,5,5,5,5,5,4
1108,1,35,99,39,98,11,3,52,50,100,2,98,31,69,1,5,11,9,7,2,3,3,4,3,4,3,3,5
1109,85,96,97,99,51,16,97,8,97,79,85,6,54,96,1,1,11,9,2,4,4,5,5,2,3,4,4,2
1110,91,94,84,96,90,21,99,63,64,78,32,77,54,86,2,1,1,9,1,3,3,3,4,2,2,2,2,4
1111,3,27,65,1,2,7,6,46,3,86,41,1,1,99,3,2,3,9,7,4,2,4,3,1,4,4,2,4
1112,17,100,99,100,100,99,7,99,98,99,19,100,100,51,1,3,4,2,6,4,3,5,5,5,5,5,5,5
1113,83,88,75,79,89,1,55,14,96,49,87,87,77,100,1,3,6,9,2,5,5,5,5,5,5,5,5,2
1114,85,85,85,85,80,0,100,0,90,40,30,70,90,100,1,1,11,1,2,5,5,5,5,4,4,4,5,2
1115,81,89,84,88,92,0,36,0,92,9,90,82,82,94,1,3,11,1,2,5,5,5,5,5,5,5,5,2
1116,31,57,73,16,41,80,59,31,30,60,26,49,26,41,3,5,9,9,6,3,5,3,2,4,5,4,3,4
1117,5,47,100,32,40,85,3,100,51,100,100,50,3,100,1,5,4,9,7,2,4,5,4,4,4,4,1,4
1118,6,51,61,50,50,13,11,30,90,91,51,10,50,79,1,3,1,9,7,4,5,4,5,4,5,4,5,4
1119,56,50,50,50,50,50,50,50,50,50,50,50,50,50,2,5,11,4,7,1,1,1,1,5,5,5,5,5
1120,1,98,94,95,98,85,0,17,87,73,96,95,50,94,1,3,9,2,1,4,4,4,5,3,3,4,1,4
1121,51,52,53,52,51,50,32,49,51,50,51,50,50,50,1,5,11,4,4,5,5,5,5,5,5,5,5,3
1122,17,85,88,84,90,91,12,52,55,84,88,87,10,94,2,5,9,2,6,3,4,3,3,3,3,3,1,3
1123,0,60,65,55,35,0,0,0,0,41,40,16,45,50,1,5,7,3,7,4,5,5,5,4,5,4,3,3
1124,79,98,90,98,97,1,90,3,89,72,90,95,80,100,1,1,11,9,2,4,4,4,4,4,4,4,4,2
1125,90,63,77,68,80,6,94,6,64,62,77,59,70,81,3,1,11,9,4,5,4,5,5,5,3,5,5,3
1126,100,71,70,71,51,0,61,0,85,60,90,51,50,75,1,3,6,1,1,5,5,5,5,5,5,5,5,3
1127,91,91,58,84,93,2,58,0,68,53,59,90,91,88,1,1,6,1,2,5,4,5,5,4,3,5,5,2
1128,0,71,100,65,60,60,0,75,0,40,51,51,51,90,1,5,4,2,7,5,5,5,5,5,5,5,3,4
1129,85,84,80,84,100,0,76,0,89,90,70,94,70,100,1,3,1,9,2,5,5,5,5,4,4,5,4,3
1130,100,89,76,1,79,0,100,1,2,0,100,69,1,40,1,1,11,9,1,4,5,5,5,2,1,4,4,4
1131,87,54,44,52,35,27,64,48,72,44,58,58,100,60,1,1,2,9,2,4,4,4,4,4,4,4,4,2
1132,43,86,89,84,86,58,55,50,52,98,91,78,72,100,3,4,9,9,5,4,2,4,5,3,3,3,3,4
1133,12,16,63,24,16,64,1,59,7,62,35,16,1,62,1,5,9,9,7,1,5,3,2,2,4,2,1,4
1134,71,80,57,82,100,0,61,11,97,34,100,100,87,83,1,3,7,9,2,5,5,5,5,5,4,5,5,2
1135,64,53,86,69,41,66,78,55,64,88,89,50,44,65,2,1,5,1,5,1,4,3,3,3,2,3,4,2
1136,73,100,100,100,100,6,22,34,32,75,51,100,100,70,3,5,11,9,4,3,3,3,3,3,4,3,3,3
1137,93,50,52,50,73,5,18,16,95,84,13,84,53,87,1,3,2,9,1,3,4,4,4,3,3,3,3,1
1138,31,62,99,99,100,5,5,75,60,100,2,79,52,99,1,5,4,4,5,4,4,5,5,4,4,5,4,3
1139,12,56,50,59,43,14,12,10,24,90,29,43,17,80,2,5,11,9,6,3,3,3,3,3,3,3,3,3
1140,2,40,71,46,51,64,1,88,63,89,28,47,44,69,1,3,8,9,6,2,4,3,3,2,4,3,2,4
1141,0,27,100,22,50,100,0,70,0,86,100,10,25,100,1,5,9,2,7,1,4,3,3,3,5,3,3,3
1142,94,50,50,50,100,4,94,1,45,66,59,75,45,75,1,1,6,9,2,4,4,4,4,3,3,4,3,2
1143,35,28,97,33,11,6,24,5,61,38,25,7,3,12,1,4,11,9,6,1,3,5,3,1,4,4,1,2
1144,59,98,100,89,88,2,11,15,5,100,15,2,13,69,3,5,11,9,3,5,5,5,5,5,5,5,5,4
1145,77,35,42,32,89,9,84,30,29,45,61,57,33,33,1,1,11,9,2,2,2,2,3,4,4,4,4,3
1146,9,13,91,45,99,56,35,52,37,11,80,75,53,66,1,5,9,9,6,1,5,4,2,3,4,4,3,3
1147,19,99,96,99,99,90,6,70,82,100,96,85,90,98,1,5,11,9,6,4,4,4,4,4,4,4,4,3
1148,81,94,4,69,47,1,65,31,5,3,79,2,76,76,1,3,11,1,2,5,3,5,5,3,1,3,3,3
1149,33,73,85,72,54,42,52,99,5,76,47,50,32,82,1,5,4,9,6,1,4,4,4,4,3,4,1,3
1150,3,86,51,81,98,6,91,9,87,11,90,91,81,90,1,1,11,1,2,4,3,4,4,5,4,5,5,2
1151,11,9,89,86,2,68,38,66,99,99,29,18,70,77,1,3,9,9,7,2,4,5,5,2,3,5,2,2
1152,50,55,63,97,37,23,49,36,48,69,68,51,40,71,1,5,11,9,6,3,4,4,3,2,4,4,2,3
1153,66,97,78,74,73,0,54,0,100,31,63,100,89,100,1,3,7,9,3,5,4,5,5,5,5,5,5,2
1154,4,72,72,77,75,5,3,61,6,85,66,51,66,85,1,3,8,9,7,4,4,5,5,3,3,5,3,5
1155,100,100,92,98,100,3,94,28,98,70,100,100,100,99,1,1,11,9,2,5,5,5,5,5,3,5,5,2
1156,78,94,100,100,98,100,96,100,96,91,100,100,100,95,1,1,2,9,1,1,2,2,1,1,1,1,2,4
1157,95,84,85,84,96,75,84,51,65,94,70,80,80,97,1,1,9,2,1,4,4,4,4,3,2,3,2,4
1158,90,65,50,80,72,1,58,34,74,42,89,70,65,63,3,3,11,9,2,4,4,4,4,4,4,4,4,2
1159,18,68,71,60,67,30,16,33,35,83,53,66,59,48,1,5,7,3,6,3,3,4,4,4,4,4,4,3
1160,41,55,49,53,53,47,51,51,53,53,52,48,50,53,1,5,11,4,6,5,5,5,5,5,5,5,5,3
1161,36,54,71,72,82,34,27,65,53,98,49,71,55,81,1,3,8,4,6,4,4,5,5,4,4,5,4,3
1162,6,998,42,99,68,69,51,56,998,96,51,76,1,86,1,5,1,3,7,8,8,8,8,3,8,8,2,5
1163,4,74,69,85,2,55,2,69,1,6,81,4,59,49,1,5,1,9,7,3,2,2,4,3,4,5,3,5
1164,99,90,70,91,100,0,57,0,100,60,100,99,90,95,1,3,11,1,1,4,4,5,5,5,4,5,5,1
1165,88,99,99,99,89,0,80,58,96,95,100,99,99,87,1,3,6,1,2,4,4,4,4,5,5,5,5,3
1166,35,50,49,51,51,31,37,53,88,91,50,51,51,88,2,3,11,9,5,5,5,5,5,5,5,5,4,3
1167,29,86,81,86,94,48,22,22,81,67,99,75,33,81,1,3,2,2,5,5,5,5,5,3,3,3,2,3
1168,70,81,70,85,85,50,79,71,61,76,71,70,76,99,1,2,6,9,2,4,4,4,4,4,4,4,4,1
1169,100,100,50,0,0,0,100,0,0,50,90,0,0,50,1,1,11,1,1,5,1,1,1,1,2,1,3,1
1170,37,10,71,4,99,88,89,12,79,99,71,46,1,50,1,1,9,9,6,1,4,1,3,1,1,1,1,4
1171,70,52,49,53,52,0,36,20,74,50,26,51,56,60,1,3,7,9,2,4,3,5,5,4,3,4,5,2
1172,90,75,75,59,56,14,70,6,59,78,55,50,55,86,1,2,1,9,1,4,4,4,4,4,4,4,4,3
1173,40,100,99,100,99,41,72,72,69,99,98,70,98,100,1,1,4,3,6,5,5,5,5,5,5,5,5,3
1174,39,71,81,75,54,59,68,50,59,81,56,52,63,76,1,5,11,9,5,4,4,4,4,3,4,4,3,3
1175,94,94,63,100,96,1,20,1,94,16,100,89,54,100,1,3,11,3,2,5,3,5,5,5,3,5,5,3
1176,100,97,64,79,98,8,91,29,96,62,74,92,100,93,1,1,11,9,1,5,5,5,5,4,1,4,4,1
1177,0,69,90,70,0,90,0,61,50,90,11,17,1,86,1,4,9,9,7,3,4,4,4,2,4,4,1,4
1178,100,88,94,100,100,16,100,83,15,88,100,97,66,84,2,1,1,9,3,2,2,1,5,1,2,2,1,3
1179,82,50,50,50,60,41,85,55,59,50,31,50,51,70,2,1,1,9,2,5,5,5,5,5,4,5,5,3
1180,79,100,70,98,51,13,76,6,10,64,13,9,51,63,3,1,1,9,4,5,5,5,5,5,5,5,5,3
1181,1,0,0,0,0,0,0,0,0,0,0,0,0,0,2,5,11,4,7,1,1,1,1,1,1,1,1,5
1182,66,81,76,63,86,0,82,8,7,82,78,72,69,69,2,1,11,9,4,5,5,5,5,4,4,4,5,3
1183,51,50,51,50,50,36,52,998,43,83,998,36,53,78,1,1,3,1,2,2,3,1,4,2,4,3,4,2
1184,0,50,80,10,80,80,0,99,0,100,9,1,10,80,1,5,4,9,7,3,3,3,3,2,2,2,1,5
1185,73,52,53,53,53,0,31,0,89,58,63,74,54,100,1,3,11,1,3,5,5,5,5,5,5,5,5,2
1186,70,73,57,51,77,3,83,38,53,85,28,50,60,63,1,1,10,1,3,4,3,5,4,4,2,5,4,4
1187,15,77,78,99,94,5,3,4,73,27,75,76,65,99,1,3,3,9,7,5,1,5,5,5,4,5,5,5
1188,1,51,90,55,50,75,60,50,86,56,60,6,41,70,1,3,9,2,7,3,3,2,3,5,3,3,4,3
1189,15,2,99,53,3,71,5,34,54,55,19,8,3,99,1,2,9,2,7,2,4,4,4,1,4,2,2,4
1190,75,5,100,11,20,1,100,1,100,0,41,10,0,86,1,3,11,9,3,1,4,1,1,1,4,1,1,3
1191,94,60,40,61,95,5,59,9,97,50,94,91,70,94,1,3,11,1,1,5,5,5,5,5,5,5,5,2
1192,70,100,100,100,100,21,27,22,40,100,100,100,100,100,1,5,11,9,3,5,5,5,5,5,5,5,5,3
1193,41,86,76,99,99,1,56,18,100,99,50,100,95,97,1,3,10,9,5,4,4,5,4,3,3,3,3,4
1194,98,61,57,22,54,1,71,63,45,67,81,39,19,60,1,1,3,9,1,3,3,3,3,2,1,3,4,5
1195,51,50,17,50,8,50,49,49,68,52,47,1,20,77,2,3,2,3,4,3,3,5,3,3,4,5,5,4
1196,96,91,77,93,92,1,94,19,34,72,77,79,63,90,1,1,2,1,1,4,4,4,4,4,4,4,3,2
1197,17,68,82,86,89,91,92,91,79,84,75,78,81,97,1,1,4,9,5,3,4,5,3,3,4,4,3,4
1198,71,51,50,50,61,35,26,5,95,40,51,61,50,90,1,3,11,9,2,5,5,5,5,5,5,5,5,3
1199,68,70,70,69,50,3,70,40,40,15,40,50,70,69,2,1,4,1,4,3,2,3,3,3,3,3,3,2
1200,77,67,12,100,47,18,10,54,40,43,43,57,37,50,1,5,11,9,4,3,3,3,3,3,3,3,3,5
